reform_id,year,constituency_code,constituency_name,average_gain,relative_change
combined,2026,S14000021,East Renfrewshire,30.476446140673943,0.06224139701805196
combined,2026,S14000027,Na h-Eileanan an Iar,30.786907776855514,0.06215857748028722
combined,2026,S14000045,Midlothian,30.52250316759455,0.06275926308278897
combined,2026,S14000048,North Ayrshire and Arran,31.347687893387047,0.06271669005387538
combined,2026,S14000051,Orkney and Shetland,25.86389654832601,0.060654087931915325
combined,2026,S14000060,Aberdeen North,31.23853887286532,0.06330437838828844
combined,2026,S14000061,Aberdeen South,31.103767194406828,0.062061696296719315
combined,2026,S14000062,Aberdeenshire North and Moray East,30.619844072774868,0.06289341506662899
combined,2026,S14000063,Airdrie and Shotts,29.29732467172289,0.06168298255187757
combined,2026,S14000064,Alloa and Grangemouth,31.16651791271579,0.06213927934779844
combined,2026,S14000065,Angus and Perthshire Glens,31.069866481520876,0.06245420773153844
combined,2026,S14000066,Arbroath and Broughty Ferry,31.002572136152594,0.061596582133020245
combined,2026,S14000067,"Argyll, Bute and South Lochaber",30.636918349984626,0.0621332017164162
combined,2026,S14000068,Bathgate and Linlithgow,31.03632266508066,0.06342129001452594
combined,2026,S14000069,"Caithness, Sutherland and Easter Ross",31.1350190906669,0.06257718220168457
combined,2026,S14000070,Coatbridge and Bellshill,30.810688916768413,0.06232716060890817
combined,2026,S14000071,Cowdenbeath and Kirkcaldy,31.163185667559446,0.06336680871468758
combined,2026,S14000072,Cumbernauld and Kirkintilloch,30.941355259128613,0.0625465813265894
combined,2026,S14000073,Dumfries and Galloway,31.111086460012302,0.06301137263106468
combined,2026,S14000074,"Dumfriesshire, Clydesdale and Tweeddale",31.494750689787907,0.06366141979825742
combined,2026,S14000075,Dundee Central,30.91108834827901,0.06287266789745308
combined,2026,S14000076,Dunfermline and Dollar,30.587088624641183,0.06238102850570007
combined,2026,S14000077,East Kilbride and Strathaven,31.227155077212956,0.0636196020791176
combined,2026,S14000078,Edinburgh East and Musselburgh,30.6890857511753,0.06168861909897255
combined,2026,S14000079,Edinburgh North and Leith,30.869798437510326,0.06269228567311054
combined,2026,S14000080,Edinburgh South,30.91677935695043,0.06303479826887587
combined,2026,S14000081,Edinburgh South West,30.97065942936024,0.06274405950009188
combined,2026,S14000082,Edinburgh West,30.865563493985974,0.06277420121908121
combined,2026,S14000083,Falkirk,31.19433384189324,0.06245304772486979
combined,2026,S14000084,Glasgow East,31.536684871702164,0.0620524662267619
combined,2026,S14000085,Glasgow North,30.889370899611095,0.06116735308389489
combined,2026,S14000086,Glasgow North East,31.290109795685566,0.06257570917270498
combined,2026,S14000087,Glasgow South,31.450064917073178,0.062056038240796425
combined,2026,S14000088,Glasgow South West,31.123701655247714,0.06286390906148476
combined,2026,S14000089,Glasgow West,30.742009876616066,0.06227062639773711
combined,2026,S14000090,Glenrothes and Mid Fife,30.881817366112955,0.0625702385773027
combined,2026,S14000091,Gordon and Buchan,31.038026462643757,0.06294753086127547
combined,2026,S14000092,Hamilton and Clyde Valley,30.936699412064627,0.06259895133957864
combined,2026,S14000093,Inverclyde and Renfrewshire West,30.56123572278011,0.06216482924637539
combined,2026,S14000094,"Inverness, Skye and West Ross-shire",31.358863148772798,0.06339485872384065
combined,2026,S14000095,Livingston,30.497435495890386,0.06250427576834879
combined,2026,S14000096,Lothian East,31.05329093954788,0.06244175612623809
combined,2026,S14000097,Mid Dunbartonshire,31.095904373876692,0.06268957055102932
combined,2026,S14000098,"Moray West, Nairn and Strathspey",31.052838654482912,0.06370365288627548
combined,2026,S14000099,"Motherwell, Wishaw and Carluke",31.574959366276744,0.06360018605670859
combined,2026,S14000100,North East Fife,31.251605463221495,0.06258708376316138
combined,2026,S14000101,Paisley and Renfrewshire North,30.85262425651308,0.061787335869893906
combined,2026,S14000102,Paisley and Renfrewshire South,31.49525882731541,0.06312564159136028
combined,2026,S14000103,Perth and Kinross-shire,30.90960142286349,0.06218695724153374
combined,2026,S14000104,Rutherglen,30.778447483928176,0.06259587333480673
combined,2026,S14000105,Stirling and Strathallan,30.981468470214168,0.06243987671907285
combined,2026,S14000106,West Dunbartonshire,30.81165048261755,0.06248877111771861
combined,2026,S14000107,"Ayr, Carrick and Cumnock",30.930296285376244,0.06326850110033794
combined,2026,S14000108,"Berwickshire, Roxburgh and Selkirk",31.266905750744627,0.06270014515752514
combined,2026,S14000109,Central Ayrshire,30.649472244054778,0.06233375577877749
combined,2026,S14000110,Kilmarnock and Loudoun,31.596025915787322,0.06324629159600148
combined,2026,S14000111,West Aberdeenshire and Kincardine,31.077972295184736,0.06329947473121811
combined,2027,S14000021,East Renfrewshire,30.24544877142762,0.06077740917813441
combined,2027,S14000027,Na h-Eileanan an Iar,30.78721884697734,0.06115810981600049
combined,2027,S14000045,Midlothian,30.285128075556713,0.0612694587979727
combined,2027,S14000048,North Ayrshire and Arran,30.968086466360546,0.06096069504819879
combined,2027,S14000051,Orkney and Shetland,24.96393512953364,0.05759186305012586
combined,2027,S14000060,Aberdeen North,31.140362597216154,0.06209574487815377
combined,2027,S14000061,Aberdeen South,31.034278252744116,0.0609283695241418
combined,2027,S14000062,Aberdeenshire North and Moray East,30.151891420457105,0.060939869284316744
combined,2027,S14000063,Airdrie and Shotts,29.243768386775628,0.06057120483347545
combined,2027,S14000064,Alloa and Grangemouth,31.061685470886005,0.060933666811686604
combined,2027,S14000065,Angus and Perthshire Glens,30.773324623442022,0.0608694331318037
combined,2027,S14000066,Arbroath and Broughty Ferry,30.937224177541793,0.060483187064399486
combined,2027,S14000067,"Argyll, Bute and South Lochaber",30.42926769634505,0.060721468702780335
combined,2027,S14000068,Bathgate and Linlithgow,30.602398632167024,0.06153671498001275
combined,2027,S14000069,"Caithness, Sutherland and Easter Ross",30.906851425803325,0.06111735074075212
combined,2027,S14000070,Coatbridge and Bellshill,30.453712717637245,0.060616350687355554
combined,2027,S14000071,Cowdenbeath and Kirkcaldy,30.94882415207394,0.061924765695566486
combined,2027,S14000072,Cumbernauld and Kirkintilloch,30.876739452614856,0.06141046115510378
combined,2027,S14000073,Dumfries and Galloway,30.674118583701784,0.06113024815508607
combined,2027,S14000074,"Dumfriesshire, Clydesdale and Tweeddale",31.41001434824284,0.0624738656439561
combined,2027,S14000075,Dundee Central,30.573246137675596,0.06119141995727692
combined,2027,S14000076,Dunfermline and Dollar,30.447315850869927,0.06110058582025161
combined,2027,S14000077,East Kilbride and Strathaven,30.851047776632186,0.06185020142825573
combined,2027,S14000078,Edinburgh East and Musselburgh,30.64417174004484,0.06060549406172397
combined,2027,S14000079,Edinburgh North and Leith,30.769765006138186,0.06148466054922876
combined,2027,S14000080,Edinburgh South,30.561569499892357,0.06131241227189248
combined,2027,S14000081,Edinburgh South West,30.66432114496274,0.061125751483014946
combined,2027,S14000082,Edinburgh West,30.508612122801424,0.06105376260255084
combined,2027,S14000083,Falkirk,31.146845950715942,0.06135831432298502
combined,2027,S14000084,Glasgow East,31.62366397560254,0.061220901097257384
combined,2027,S14000085,Glasgow North,30.774512539588613,0.059957298948870315
combined,2027,S14000086,Glasgow North East,31.216699089120084,0.061428802564030646
combined,2027,S14000087,Glasgow South,31.210702213888,0.06059329038034283
combined,2027,S14000088,Glasgow South West,30.842913079832215,0.06129955959683664
combined,2027,S14000089,Glasgow West,30.48109780994855,0.06075820959948546
combined,2027,S14000090,Glenrothes and Mid Fife,30.8256548016725,0.06145514562456431
combined,2027,S14000091,Gordon and Buchan,30.681825630417734,0.0612312288329431
combined,2027,S14000092,Hamilton and Clyde Valley,30.760896831241553,0.061243408830070824
combined,2027,S14000093,Inverclyde and Renfrewshire West,30.245498653850518,0.06053862218099442
combined,2027,S14000094,"Inverness, Skye and West Ross-shire",30.93068972853507,0.06152672475324769
combined,2027,S14000095,Livingston,30.230554999892775,0.06096547650787114
combined,2027,S14000096,Lothian East,30.86174661500263,0.06105944948100353
combined,2027,S14000097,Mid Dunbartonshire,30.975495787439286,0.06144551518762727
combined,2027,S14000098,"Moray West, Nairn and Strathspey",30.720311685290653,0.06201505826357828
combined,2027,S14000099,"Motherwell, Wishaw and Carluke",31.462259666215687,0.06235588977264583
combined,2027,S14000100,North East Fife,31.113249906418787,0.06131121461001723
combined,2027,S14000101,Paisley and Renfrewshire North,30.890592181065585,0.0608659058357697
combined,2027,S14000102,Paisley and Renfrewshire South,31.40276271435141,0.06192723951769409
combined,2027,S14000103,Perth and Kinross-shire,30.94928476633504,0.06126660335703436
combined,2027,S14000104,Rutherglen,30.602126448553463,0.0612408441810395
combined,2027,S14000105,Stirling and Strathallan,30.90001894341549,0.06127309965972811
combined,2027,S14000106,West Dunbartonshire,30.635814423818374,0.061135038306381825
combined,2027,S14000107,"Ayr, Carrick and Cumnock",30.625690612934704,0.06164534847712665
combined,2027,S14000108,"Berwickshire, Roxburgh and Selkirk",31.210506665476714,0.06158019411911379
combined,2027,S14000109,Central Ayrshire,30.487474886132986,0.061011323371179
combined,2027,S14000110,Kilmarnock and Loudoun,31.511615980656643,0.062065617225008134
combined,2027,S14000111,West Aberdeenshire and Kincardine,30.702652022060647,0.06153413867206962
combined,2028,S14000021,East Renfrewshire,31.473386443081836,0.062191419693202805
combined,2028,S14000027,Na h-Eileanan an Iar,32.02674294444296,0.06255381579241212
combined,2028,S14000045,Midlothian,31.50194732879754,0.06267102510181485
combined,2028,S14000048,North Ayrshire and Arran,32.22872666135663,0.062377249095656555
combined,2028,S14000051,Orkney and Shetland,26.292318826017436,0.05964534994419998
combined,2028,S14000060,Aberdeen North,32.342034814886574,0.06341938869492805
combined,2028,S14000061,Aberdeen South,32.24032932768023,0.062238915400495774
combined,2028,S14000062,Aberdeenshire North and Moray East,31.437958513750345,0.062484569104315275
combined,2028,S14000063,Airdrie and Shotts,30.507457199950295,0.06212650682456956
combined,2028,S14000064,Alloa and Grangemouth,32.18583946153376,0.062081765016212785
combined,2028,S14000065,Angus and Perthshire Glens,31.98606480874878,0.062216401279037103
combined,2028,S14000066,Arbroath and Broughty Ferry,32.11214480007766,0.06173465637500728
combined,2028,S14000067,"Argyll, Bute and South Lochaber",31.572423891862854,0.06195242714040598
combined,2028,S14000068,Bathgate and Linlithgow,31.872260482487036,0.0630311323580377
combined,2028,S14000069,"Caithness, Sutherland and Easter Ross",32.145911423736834,0.06250356143015531
combined,2028,S14000070,Coatbridge and Bellshill,31.73361106326047,0.06210812309397231
combined,2028,S14000071,Cowdenbeath and Kirkcaldy,32.209490128698235,0.06337108758882569
combined,2028,S14000072,Cumbernauld and Kirkintilloch,32.0612926551039,0.06269573482810918
combined,2028,S14000073,Dumfries and Galloway,31.91994473012892,0.06255563840252683
combined,2028,S14000074,"Dumfriesshire, Clydesdale and Tweeddale",32.65517412334884,0.06386833539446803
combined,2028,S14000075,Dundee Central,31.70357626565965,0.062404418273474274
combined,2028,S14000076,Dunfermline and Dollar,31.630452347490063,0.06242235201784487
combined,2028,S14000077,East Kilbride and Strathaven,32.09846568219655,0.06328340006612657
combined,2028,S14000078,Edinburgh East and Musselburgh,31.780660409203847,0.06179841396100122
combined,2028,S14000079,Edinburgh North and Leith,32.054341411509085,0.06297550955620264
combined,2028,S14000080,Edinburgh South,31.905718612091732,0.06294472619021012
combined,2028,S14000081,Edinburgh South West,31.89985028715455,0.06252729040829186
combined,2028,S14000082,Edinburgh West,31.78889748481015,0.06255476195919937
combined,2028,S14000083,Falkirk,32.37819022002077,0.0627185952947483
combined,2028,S14000084,Glasgow East,32.68686886091018,0.06221695594675734
combined,2028,S14000085,Glasgow North,31.935060274641728,0.06117266085687445
combined,2028,S14000086,Glasgow North East,32.45168054529495,0.0627910031691763
combined,2028,S14000087,Glasgow South,32.3836090988043,0.06181567754732544
combined,2028,S14000088,Glasgow South West,32.139142382351565,0.0628131261807395
combined,2028,S14000089,Glasgow West,31.770691155914392,0.06227660835530315
combined,2028,S14000090,Glenrothes and Mid Fife,31.937792611468467,0.06261449021439539
combined,2028,S14000091,Gordon and Buchan,31.927368568445672,0.06266401201881783
combined,2028,S14000092,Hamilton and Clyde Valley,32.01414345789817,0.06267478653281937
combined,2028,S14000093,Inverclyde and Renfrewshire West,31.49069221895479,0.061984446656728205
combined,2028,S14000094,"Inverness, Skye and West Ross-shire",32.19875384071929,0.06298039511785568
combined,2028,S14000095,Livingston,31.51365003970568,0.06249710105309368
combined,2028,S14000096,Lothian East,32.101318167719,0.06245312156209961
combined,2028,S14000097,Mid Dunbartonshire,32.19550398796855,0.0628035476319543
combined,2028,S14000098,"Moray West, Nairn and Strathspey",32.01528336209594,0.06355676336056178
combined,2028,S14000099,"Motherwell, Wishaw and Carluke",32.7327751060875,0.0637884348465436
combined,2028,S14000100,North East Fife,32.27151789802883,0.06253875914981735
combined,2028,S14000101,Paisley and Renfrewshire North,32.015048130873765,0.06201827032303237
combined,2028,S14000102,Paisley and Renfrewshire South,32.6427434948273,0.06329396326171449
combined,2028,S14000103,Perth and Kinross-shire,32.06086788119137,0.06241003877607251
combined,2028,S14000104,Rutherglen,31.743343667621957,0.06247317078837203
combined,2028,S14000105,Stirling and Strathallan,32.14187102618598,0.06266656316344671
combined,2028,S14000106,West Dunbartonshire,31.78586678490683,0.062377519975715265
combined,2028,S14000107,"Ayr, Carrick and Cumnock",31.87013299888349,0.06308741073588042
combined,2028,S14000108,"Berwickshire, Roxburgh and Selkirk",32.45690951771394,0.06296648049732562
combined,2028,S14000109,Central Ayrshire,31.668288695786032,0.062323974552716904
combined,2028,S14000110,Kilmarnock and Loudoun,32.761323467464535,0.06344576514414194
combined,2028,S14000111,West Aberdeenshire and Kincardine,32.00801049772417,0.06308331807371606
combined,2029,S14000021,East Renfrewshire,31.687849142406776,0.06160569925580029
combined,2029,S14000027,Na h-Eileanan an Iar,32.25541704823263,0.061973179800604516
combined,2029,S14000045,Midlothian,31.718435645118007,0.06208578688593505
combined,2029,S14000048,North Ayrshire and Arran,32.453478770694346,0.06178782900740597
combined,2029,S14000051,Orkney and Shetland,26.476473672533757,0.059098199022256756
combined,2029,S14000060,Aberdeen North,32.559164760503336,0.06281756496763902
combined,2029,S14000061,Aberdeen South,32.46174083300866,0.06165159186958464
combined,2029,S14000062,Aberdeenshire North and Moray East,31.650895935847075,0.06189676012667933
combined,2029,S14000063,Airdrie and Shotts,30.723885885927302,0.061545882799796274
combined,2029,S14000064,Alloa and Grangemouth,32.40976103822322,0.06149593501964561
combined,2029,S14000065,Angus and Perthshire Glens,32.20508397974481,0.061633213021765595
combined,2029,S14000066,Arbroath and Broughty Ferry,32.33102560474072,0.061151465210129825
combined,2029,S14000067,"Argyll, Bute and South Lochaber",31.793484272209753,0.0613746038679617
combined,2029,S14000068,Bathgate and Linlithgow,32.0796930653014,0.062430146048978126
combined,2029,S14000069,"Caithness, Sutherland and Easter Ross",32.365487921386375,0.06190929715668533
combined,2029,S14000070,Coatbridge and Bellshill,31.9563609661418,0.06152976655597203
combined,2029,S14000071,Cowdenbeath and Kirkcaldy,32.43064477210282,0.06277468928489864
combined,2029,S14000072,Cumbernauld and Kirkintilloch,32.28416534985445,0.06210336537564367
combined,2029,S14000073,Dumfries and Galloway,32.12945988096908,0.06195222689940499
combined,2029,S14000074,"Dumfriesshire, Clydesdale and Tweeddale",32.877976036928885,0.06326423836116833
combined,2029,S14000075,Dundee Central,31.912614257344103,0.06181031985493721
combined,2029,S14000076,Dunfermline and Dollar,31.839289177507453,0.0618250570841537
combined,2029,S14000077,East Kilbride and Strathaven,32.31194417679944,0.06268049488562032
combined,2029,S14000078,Edinburgh East and Musselburgh,32.01034301710024,0.06123055488327442
combined,2029,S14000079,Edinburgh North and Leith,32.28114514236222,0.062387516238869144
combined,2029,S14000080,Edinburgh South,32.120562311254616,0.062347922638317524
combined,2029,S14000081,Edinburgh South West,32.118748277731356,0.06193812762681652
combined,2029,S14000082,Edinburgh West,32.009279347461415,0.061971217011045666
combined,2029,S14000083,Falkirk,32.60763910777314,0.06213837360799262
combined,2029,S14000084,Glasgow East,32.91332424900611,0.06162461858560041
combined,2029,S14000085,Glasgow North,32.16209088588221,0.06059940790084354
combined,2029,S14000086,Glasgow North East,32.67229560299165,0.062194633704254314
combined,2029,S14000087,Glasgow South,32.60706429018319,0.06122751643454563
combined,2029,S14000088,Glasgow South West,32.35410066672193,0.062213733623604134
combined,2029,S14000089,Glasgow West,31.991003736482526,0.06169928670136673
combined,2029,S14000090,Glenrothes and Mid Fife,32.15818213816965,0.062029738970153736
combined,2029,S14000091,Gordon and Buchan,32.14366486109793,0.06208130490913692
combined,2029,S14000092,Hamilton and Clyde Valley,32.23374593089102,0.06208370602431688
combined,2029,S14000093,Inverclyde and Renfrewshire West,31.704558555749827,0.061398733064791884
combined,2029,S14000094,"Inverness, Skye and West Ross-shire",32.41472609347693,0.06237904546741465
combined,2029,S14000095,Livingston,31.72739606959658,0.06190986874312165
combined,2029,S14000096,Lothian East,32.32298414778052,0.06186747141155314
combined,2029,S14000097,Mid Dunbartonshire,32.41033417418657,0.0622021799728131
combined,2029,S14000098,"Moray West, Nairn and Strathspey",32.2238913652327,0.06294638529034795
combined,2029,S14000099,"Motherwell, Wishaw and Carluke",32.96258859903901,0.06319088733913815
combined,2029,S14000100,North East Fife,32.4875984195678,0.06194181794985241
combined,2029,S14000101,Paisley and Renfrewshire North,32.24151093134424,0.0614310292545408
combined,2029,S14000102,Paisley and Renfrewshire South,32.86538531020051,0.06268698736562946
combined,2029,S14000103,Perth and Kinross-shire,32.280550328803656,0.06182285873745422
combined,2029,S14000104,Rutherglen,31.951152853798703,0.061873760535681464
combined,2029,S14000105,Stirling and Strathallan,32.37223507033195,0.062088838980685034
combined,2029,S14000106,West Dunbartonshire,31.99346833871823,0.06177236971176988
combined,2029,S14000107,"Ayr, Carrick and Cumnock",32.084534352128685,0.0624922596756481
combined,2029,S14000108,"Berwickshire, Roxburgh and Selkirk",32.676013005569985,0.06235919851613271
combined,2029,S14000109,Central Ayrshire,31.878308998020657,0.06173119096576623
combined,2029,S14000110,Kilmarnock and Loudoun,32.98344176511455,0.06283450042464049
combined,2029,S14000111,West Aberdeenshire and Kincardine,32.21807506860932,0.062474546696290933
combined,2030,S14000021,East Renfrewshire,31.8226209970162,0.06084417538434122
combined,2030,S14000027,Na h-Eileanan an Iar,32.39807034741534,0.061203508472117106
combined,2030,S14000045,Midlothian,31.769417176743445,0.06115545558538037
combined,2030,S14000048,North Ayrshire and Arran,32.570643041872245,0.060970440705467366
combined,2030,S14000051,Orkney and Shetland,26.723192972502147,0.05871593961656488
combined,2030,S14000060,Aberdeen North,32.71893921423907,0.0620747878774302
combined,2030,S14000061,Aberdeen South,32.58605705873197,0.060853948145309374
combined,2030,S14000062,Aberdeenshire North and Moray East,31.687706390410312,0.06094300827804281
combined,2030,S14000063,Airdrie and Shotts,30.766231362358667,0.06062033358666907
combined,2030,S14000064,Alloa and Grangemouth,32.59645780293795,0.06080911565291648
combined,2030,S14000065,Angus and Perthshire Glens,32.30217315826303,0.06078739834476539
combined,2030,S14000066,Arbroath and Broughty Ferry,32.36402643771726,0.06018970532805393
combined,2030,S14000067,"Argyll, Bute and South Lochaber",31.967197739773837,0.06068027822454425
combined,2030,S14000068,Bathgate and Linlithgow,32.16225963659235,0.06156211556480749
combined,2030,S14000069,"Caithness, Sutherland and Easter Ross",32.48475952807348,0.06109974954756409
combined,2030,S14000070,Coatbridge and Bellshill,32.04446932410792,0.060666940329444224
combined,2030,S14000071,Cowdenbeath and Kirkcaldy,32.551239101849205,0.061956212403085104
combined,2030,S14000072,Cumbernauld and Kirkintilloch,32.4048907033939,0.061290041958769
combined,2030,S14000073,Dumfries and Galloway,32.28904518624768,0.06122753905129945
combined,2030,S14000074,"Dumfriesshire, Clydesdale and Tweeddale",32.958442964627466,0.062361179823303026
combined,2030,S14000075,Dundee Central,32.11588382473565,0.061175636863471494
combined,2030,S14000076,Dunfermline and Dollar,31.981391095650906,0.06107455117794895
combined,2030,S14000077,East Kilbride and Strathaven,32.42295212615136,0.0618543308541718
combined,2030,S14000078,Edinburgh East and Musselburgh,32.11389553331537,0.06040087621645452
combined,2030,S14000079,Edinburgh North and Leith,32.40017362965591,0.06156934396487288
combined,2030,S14000080,Edinburgh South,32.225584976011305,0.06151366747943068
combined,2030,S14000081,Edinburgh South West,32.275653877979494,0.061202399053525966
combined,2030,S14000082,Edinburgh West,32.1005242185347,0.06111329316939502
combined,2030,S14000083,Falkirk,32.74844985138043,0.06135944663564109
combined,2030,S14000084,Glasgow East,33.10934603273199,0.060943677453774325
combined,2030,S14000085,Glasgow North,32.277780875017925,0.0597914830629966
combined,2030,S14000086,Glasgow North East,32.76834252091794,0.06133337940624096
combined,2030,S14000087,Glasgow South,32.75772303184931,0.060472495056120686
combined,2030,S14000088,Glasgow South West,32.43535702514782,0.06133134032695917
combined,2030,S14000089,Glasgow West,32.09174267305207,0.06086630767511969
combined,2030,S14000090,Glenrothes and Mid Fife,32.39235378991725,0.06144195212414384
combined,2030,S14000091,Gordon and Buchan,32.240424019575585,0.06123874311332635
combined,2030,S14000092,Hamilton and Clyde Valley,32.412525350024225,0.06138588697392177
combined,2030,S14000093,Inverclyde and Renfrewshire West,31.733800369627716,0.06043556867024932
combined,2030,S14000094,"Inverness, Skye and West Ross-shire",32.52163890535303,0.06153938803733257
combined,2030,S14000095,Livingston,31.793106285869726,0.06101143880526347
combined,2030,S14000096,Lothian East,32.428220584537485,0.061033441874034526
combined,2030,S14000097,Mid Dunbartonshire,32.43816372483707,0.061218654840397374
combined,2030,S14000098,"Moray West, Nairn and Strathspey",32.343718487194565,0.06213758692030361
combined,2030,S14000099,"Motherwell, Wishaw and Carluke",33.02977416522481,0.062258380775707174
combined,2030,S14000100,North East Fife,32.60303814271174,0.06112986086139949
combined,2030,S14000101,Paisley and Renfrewshire North,32.36410018906463,0.060624651835385686
combined,2030,S14000102,Paisley and Renfrewshire South,33.00450860062847,0.0618942369407606
combined,2030,S14000103,Perth and Kinross-shire,32.45438687612477,0.06111994558985365
combined,2030,S14000104,Rutherglen,32.199828061311564,0.06132274370550041
combined,2030,S14000105,Stirling and Strathallan,32.47818646228552,0.061249958384542946
combined,2030,S14000106,West Dunbartonshire,32.2027261005569,0.061144361800026685
combined,2030,S14000107,"Ayr, Carrick and Cumnock",32.20071862098848,0.06168284621389105
combined,2030,S14000108,"Berwickshire, Roxburgh and Selkirk",32.736620387739094,0.06142868786576396
combined,2030,S14000109,Central Ayrshire,31.990948542304977,0.060921954996733585
combined,2030,S14000110,Kilmarnock and Loudoun,33.118946349779435,0.06203498159490596
combined,2030,S14000111,West Aberdeenshire and Kincardine,32.31579981575487,0.06162644767780663
scp_baby_boost,2026,S14000021,East Renfrewshire,7.444358915519842,0.01520345570041255
scp_baby_boost,2026,S14000027,Na h-Eileanan an Iar,7.3440990460367175,0.014827690812104099
scp_baby_boost,2026,S14000045,Midlothian,7.712470980412036,0.015858102876435878
scp_baby_boost,2026,S14000048,North Ayrshire and Arran,7.615295471121499,0.015235768818272604
scp_baby_boost,2026,S14000051,Orkney and Shetland,7.992811984069704,0.018744148624287933
scp_baby_boost,2026,S14000060,Aberdeen North,7.796800928656012,0.01580008713642267
scp_baby_boost,2026,S14000061,Aberdeen South,7.228872775594937,0.014423851103388867
scp_baby_boost,2026,S14000062,Aberdeenshire North and Moray East,7.806924344396975,0.016035487705912184
scp_baby_boost,2026,S14000063,Airdrie and Shotts,7.52391666645417,0.015840955638745054
scp_baby_boost,2026,S14000064,Alloa and Grangemouth,7.3250398299860535,0.014604541242111142
scp_baby_boost,2026,S14000065,Angus and Perthshire Glens,7.473517383994476,0.015022678242369043
scp_baby_boost,2026,S14000066,Arbroath and Broughty Ferry,6.975858330602932,0.013859786495205983
scp_baby_boost,2026,S14000067,"Argyll, Bute and South Lochaber",7.298974488759995,0.014802685082500414
scp_baby_boost,2026,S14000068,Bathgate and Linlithgow,7.98417148830049,0.01631528518856822
scp_baby_boost,2026,S14000069,"Caithness, Sutherland and Easter Ross",7.598620720513281,0.015272201116189207
scp_baby_boost,2026,S14000070,Coatbridge and Bellshill,7.398619670995686,0.014966720080945912
scp_baby_boost,2026,S14000071,Cowdenbeath and Kirkcaldy,7.8654534881789,0.015993508877962463
scp_baby_boost,2026,S14000072,Cumbernauld and Kirkintilloch,7.527044743932493,0.01521558807888202
scp_baby_boost,2026,S14000073,Dumfries and Galloway,7.816278920174227,0.015830834588836128
scp_baby_boost,2026,S14000074,"Dumfriesshire, Clydesdale and Tweeddale",7.95037435618724,0.016070364373662063
scp_baby_boost,2026,S14000075,Dundee Central,7.66113421456248,0.015582626588973511
scp_baby_boost,2026,S14000076,Dunfermline and Dollar,7.526056066497404,0.015349061945093147
scp_baby_boost,2026,S14000077,East Kilbride and Strathaven,8.0603019261398,0.01642138708795647
scp_baby_boost,2026,S14000078,Edinburgh East and Musselburgh,7.05084629997873,0.014173018227111256
scp_baby_boost,2026,S14000079,Edinburgh North and Leith,7.677480163038126,0.015591899007865511
scp_baby_boost,2026,S14000080,Edinburgh South,7.747499672914273,0.015796020449993727
scp_baby_boost,2026,S14000081,Edinburgh South West,7.633186613609723,0.015464220778121374
scp_baby_boost,2026,S14000082,Edinburgh West,7.614982719431282,0.01548730699838176
scp_baby_boost,2026,S14000083,Falkirk,7.362508393867756,0.014740211809859589
scp_baby_boost,2026,S14000084,Glasgow East,7.2531033663253766,0.014271409741039982
scp_baby_boost,2026,S14000085,Glasgow North,6.872210076624469,0.013608399523244472
scp_baby_boost,2026,S14000086,Glasgow North East,7.443194824343664,0.014885316724204458
scp_baby_boost,2026,S14000087,Glasgow South,7.279882991897466,0.014364380440069205
scp_baby_boost,2026,S14000088,Glasgow South West,7.642015444616845,0.01543540576497766
scp_baby_boost,2026,S14000089,Glasgow West,7.3366649359159055,0.014861055704015863
scp_baby_boost,2026,S14000090,Glenrothes and Mid Fife,7.456388258040533,0.015107530321144383
scp_baby_boost,2026,S14000091,Gordon and Buchan,7.660608406506071,0.015536309457853751
scp_baby_boost,2026,S14000092,Hamilton and Clyde Valley,7.589906167377194,0.015357816957626919
scp_baby_boost,2026,S14000093,Inverclyde and Renfrewshire West,7.264863555901684,0.014777511176166557
scp_baby_boost,2026,S14000094,"Inverness, Skye and West Ross-shire",7.934386832261225,0.016040101004464707
scp_baby_boost,2026,S14000095,Livingston,7.4800238405005075,0.015330255324040887
scp_baby_boost,2026,S14000096,Lothian East,7.5016337995330105,0.01508423661668128
scp_baby_boost,2026,S14000097,Mid Dunbartonshire,7.539855024107965,0.015200402850332726
scp_baby_boost,2026,S14000098,"Moray West, Nairn and Strathspey",8.162844613143534,0.01674574829007556
scp_baby_boost,2026,S14000099,"Motherwell, Wishaw and Carluke",7.988434797829541,0.01609078680197694
scp_baby_boost,2026,S14000100,North East Fife,7.377290347394592,0.014774379814212327
scp_baby_boost,2026,S14000101,Paisley and Renfrewshire North,7.195501011803572,0.014410146575282464
scp_baby_boost,2026,S14000102,Paisley and Renfrewshire South,7.818782548063609,0.015671109976139748
scp_baby_boost,2026,S14000103,Perth and Kinross-shire,7.2273884045062005,0.014540766395859482
scp_baby_boost,2026,S14000104,Rutherglen,7.594837802222173,0.015446052154337782
scp_baby_boost,2026,S14000105,Stirling and Strathallan,7.442803009143972,0.015000183183120805
scp_baby_boost,2026,S14000106,West Dunbartonshire,7.509955126741261,0.01523085779789764
scp_baby_boost,2026,S14000107,"Ayr, Carrick and Cumnock",7.872323458279425,0.016102985266838652
scp_baby_boost,2026,S14000108,"Berwickshire, Roxburgh and Selkirk",7.583654453992494,0.015207652425872601
scp_baby_boost,2026,S14000109,Central Ayrshire,7.405043894483242,0.015060102633231522
scp_baby_boost,2026,S14000110,Kilmarnock and Loudoun,7.8220525719443685,0.015657532980983418
scp_baby_boost,2026,S14000111,West Aberdeenshire and Kincardine,7.9415277269727085,0.01617526809362222
scp_baby_boost,2027,S14000021,East Renfrewshire,6.925874729640782,0.013917357468920442
scp_baby_boost,2027,S14000027,Na h-Eileanan an Iar,7.058704295486677,0.014021955494184958
scp_baby_boost,2027,S14000045,Midlothian,7.18692444536282,0.01453977576356033
scp_baby_boost,2027,S14000048,North Ayrshire and Arran,6.947244649330969,0.013675654869833093
scp_baby_boost,2027,S14000051,Orkney and Shetland,6.833085060119629,0.015763944944990026
scp_baby_boost,2027,S14000060,Aberdeen North,7.417513542408415,0.014790965491224542
scp_baby_boost,2027,S14000061,Aberdeen South,6.87315372381272,0.013493790526404918
scp_baby_boost,2027,S14000062,Aberdeenshire North and Moray East,7.048845410005015,0.014246393763530922
scp_baby_boost,2027,S14000063,Airdrie and Shotts,7.190710036360542,0.014893770349633972
scp_baby_boost,2027,S14000064,Alloa and Grangemouth,6.935383736599761,0.013605132992968448
scp_baby_boost,2027,S14000065,Angus and Perthshire Glens,6.879355668417702,0.013607320137573403
scp_baby_boost,2027,S14000066,Arbroath and Broughty Ferry,6.621994021261344,0.012946193906369698
scp_baby_boost,2027,S14000067,"Argyll, Bute and South Lochaber",6.804836072114995,0.013579020195419029
scp_baby_boost,2027,S14000068,Bathgate and Linlithgow,7.262543982375064,0.014603858489819762
scp_baby_boost,2027,S14000069,"Caithness, Sutherland and Easter Ross",7.083589157322422,0.014007580295611121
scp_baby_boost,2027,S14000070,Coatbridge and Bellshill,6.749557009192358,0.01343460215990523
scp_baby_boost,2027,S14000071,Cowdenbeath and Kirkcaldy,7.367111018051219,0.014740677106321558
scp_baby_boost,2027,S14000072,Cumbernauld and Kirkintilloch,7.177616851615312,0.014275495685960846
scp_baby_boost,2027,S14000073,Dumfries and Galloway,7.093834249208157,0.014137255381660921
scp_baby_boost,2027,S14000074,"Dumfriesshire, Clydesdale and Tweeddale",7.581342217818019,0.015079132083978548
scp_baby_boost,2027,S14000075,Dundee Central,7.036894636839861,0.014084130058644628
scp_baby_boost,2027,S14000076,Dunfermline and Dollar,7.107546243161778,0.014263169907284462
scp_baby_boost,2027,S14000077,East Kilbride and Strathaven,7.397836324496893,0.014831187261975989
scp_baby_boost,2027,S14000078,Edinburgh East and Musselburgh,6.711950500197418,0.013274337437899523
scp_baby_boost,2027,S14000079,Edinburgh North and Leith,7.29472328069096,0.01457643841687992
scp_baby_boost,2027,S14000080,Edinburgh South,7.1089840240747435,0.014261995259108113
scp_baby_boost,2027,S14000081,Edinburgh South West,7.040402670136245,0.014034222441144665
scp_baby_boost,2027,S14000082,Edinburgh West,6.970047089133004,0.013948441790653684
scp_baby_boost,2027,S14000083,Falkirk,7.029661066058907,0.01384821288029576
scp_baby_boost,2027,S14000084,Glasgow East,7.0569439342361875,0.013661682813859724
scp_baby_boost,2027,S14000085,Glasgow North,6.4673705119712395,0.012600234258805635
scp_baby_boost,2027,S14000086,Glasgow North East,7.086029454549134,0.013944020893551628
scp_baby_boost,2027,S14000087,Glasgow South,6.7518543387632235,0.013108230239446855
scp_baby_boost,2027,S14000088,Glasgow South West,7.077957183835679,0.014067272345234439
scp_baby_boost,2027,S14000089,Glasgow West,6.788799081594334,0.013532166068955609
scp_baby_boost,2027,S14000090,Glenrothes and Mid Fife,7.111946915996668,0.0141786358216479
scp_baby_boost,2027,S14000091,Gordon and Buchan,7.012124971028243,0.013993985686450142
scp_baby_boost,2027,S14000092,Hamilton and Clyde Valley,7.131251865626837,0.014197966199516757
scp_baby_boost,2027,S14000093,Inverclyde and Renfrewshire West,6.6598381348158,0.013330162919263502
scp_baby_boost,2027,S14000094,"Inverness, Skye and West Ross-shire",7.21650455755298,0.014354930119243374
scp_baby_boost,2027,S14000095,Livingston,6.925117886290536,0.013965774423009482
scp_baby_boost,2027,S14000096,Lothian East,7.0240711929800455,0.013897007369966729
scp_baby_boost,2027,S14000097,Mid Dunbartonshire,7.131607357878238,0.014146836945815602
scp_baby_boost,2027,S14000098,"Moray West, Nairn and Strathspey",7.545129893405829,0.01523134513540342
scp_baby_boost,2027,S14000099,"Motherwell, Wishaw and Carluke",7.587934433948249,0.015038729200795891
scp_baby_boost,2027,S14000100,North East Fife,6.943512901583745,0.013682762518762067
scp_baby_boost,2027,S14000101,Paisley and Renfrewshire North,6.946846892729809,0.013687860897907083
scp_baby_boost,2027,S14000102,Paisley and Renfrewshire South,7.445056604941783,0.014681886679553655
scp_baby_boost,2027,S14000103,Perth and Kinross-shire,6.979620490084926,0.013816721238540618
scp_baby_boost,2027,S14000104,Rutherglen,7.135464066057466,0.014279460081424751
scp_baby_boost,2027,S14000105,Stirling and Strathallan,7.076222633229918,0.014031774395164658
scp_baby_boost,2027,S14000106,West Dunbartonshire,7.055548107906361,0.014079638878933183
scp_baby_boost,2027,S14000107,"Ayr, Carrick and Cumnock",7.287824785722478,0.014669399760943143
scp_baby_boost,2027,S14000108,"Berwickshire, Roxburgh and Selkirk",7.242737275490072,0.014290353314634583
scp_baby_boost,2027,S14000109,Central Ayrshire,6.957826994235802,0.01392395514195643
scp_baby_boost,2027,S14000110,Kilmarnock and Loudoun,7.455826710545807,0.014685076353963765
scp_baby_boost,2027,S14000111,West Aberdeenshire and Kincardine,7.27836026668956,0.014587262026549128
scp_baby_boost,2028,S14000021,East Renfrewshire,7.905557097110432,0.015621382853863323
scp_baby_boost,2028,S14000027,Na h-Eileanan an Iar,8.037952573067741,0.015699523534942143
scp_baby_boost,2028,S14000045,Midlothian,8.15499391654157,0.016223816995005837
scp_baby_boost,2028,S14000048,North Ayrshire and Arran,7.9538781756855315,0.015394373021759285
scp_baby_boost,2028,S14000051,Orkney and Shetland,7.947459883558622,0.018029182935864592
scp_baby_boost,2028,S14000060,Aberdeen North,8.369072069617687,0.016410885636504485
scp_baby_boost,2028,S14000061,Aberdeen South,7.825460539977939,0.015106799051815062
scp_baby_boost,2028,S14000062,Aberdeenshire North and Moray East,8.089568143062934,0.016078435227853592
scp_baby_boost,2028,S14000063,Airdrie and Shotts,8.204798288883467,0.016708552717050632
scp_baby_boost,2028,S14000064,Alloa and Grangemouth,7.804401052853791,0.015053545296980867
scp_baby_boost,2028,S14000065,Angus and Perthshire Glens,7.836850324682018,0.01524353269086125
scp_baby_boost,2028,S14000066,Arbroath and Broughty Ferry,7.545591012793011,0.014506177373739085
scp_baby_boost,2028,S14000067,"Argyll, Bute and South Lochaber",7.696721447144228,0.015102754742789834
scp_baby_boost,2028,S14000068,Bathgate and Linlithgow,8.28882639506628,0.01639212612131147
scp_baby_boost,2028,S14000069,"Caithness, Sutherland and Easter Ross",8.069281157680962,0.015689672129311088
scp_baby_boost,2028,S14000070,Coatbridge and Bellshill,7.774008256485104,0.015215068362841576
scp_baby_boost,2028,S14000071,Cowdenbeath and Kirkcaldy,8.373946985251678,0.016475458808761157
scp_baby_boost,2028,S14000072,Cumbernauld and Kirkintilloch,8.10732979849854,0.01585385232837067
scp_baby_boost,2028,S14000073,Dumfries and Galloway,8.096584748833266,0.015867415564957393
scp_baby_boost,2028,S14000074,"Dumfriesshire, Clydesdale and Tweeddale",8.571877372865856,0.016765231045545066
scp_baby_boost,2028,S14000075,Dundee Central,7.923755112024082,0.01559689431135041
scp_baby_boost,2028,S14000076,Dunfermline and Dollar,8.047010975344165,0.015880688213877354
scp_baby_boost,2028,S14000077,East Kilbride and Strathaven,8.397084805816121,0.016555186232792236
scp_baby_boost,2028,S14000078,Edinburgh East and Musselburgh,7.58567931453581,0.014750572971709735
scp_baby_boost,2028,S14000079,Edinburgh North and Leith,8.321838879724964,0.01634948717764423
scp_baby_boost,2028,S14000080,Edinburgh South,8.204151171652484,0.016185438585515736
scp_baby_boost,2028,S14000081,Edinburgh South West,8.026140758513066,0.01573213759775734
scp_baby_boost,2028,S14000082,Edinburgh West,8.000553307691007,0.015743632126393802
scp_baby_boost,2028,S14000083,Falkirk,8.00484842662263,0.015505895958159745
scp_baby_boost,2028,S14000084,Glasgow East,7.864285847645078,0.014969066881801552
scp_baby_boost,2028,S14000085,Glasgow North,7.370391225347703,0.014118227394381724
scp_baby_boost,2028,S14000086,Glasgow North East,8.070082455742522,0.015614863838770024
scp_baby_boost,2028,S14000087,Glasgow South,7.670161364949308,0.014641240889026373
scp_baby_boost,2028,S14000088,Glasgow South West,8.12648666252062,0.015882503212634125
scp_baby_boost,2028,S14000089,Glasgow West,7.828165821098082,0.015344696613253906
scp_baby_boost,2028,S14000090,Glenrothes and Mid Fife,7.973276395256107,0.015631720166163314
scp_baby_boost,2028,S14000091,Gordon and Buchan,8.008158853990608,0.015717654951715312
scp_baby_boost,2028,S14000092,Hamilton and Clyde Valley,8.135746631269285,0.015927528533458496
scp_baby_boost,2028,S14000093,Inverclyde and Renfrewshire West,7.654152840077586,0.015065989185612794
scp_baby_boost,2028,S14000094,"Inverness, Skye and West Ross-shire",8.235339641840255,0.016108230372472478
scp_baby_boost,2028,S14000095,Livingston,7.957078860526963,0.015780284448396874
scp_baby_boost,2028,S14000096,Lothian East,8.009925855323672,0.015583312514841801
scp_baby_boost,2028,S14000097,Mid Dunbartonshire,8.101198929405655,0.015802952891465764
scp_baby_boost,2028,S14000098,"Moray West, Nairn and Strathspey",8.595418218821578,0.017063630377405475
scp_baby_boost,2028,S14000099,"Motherwell, Wishaw and Carluke",8.600183446375013,0.016759722927842755
scp_baby_boost,2028,S14000100,North East Fife,7.84852405579295,0.015209602385537735
scp_baby_boost,2028,S14000101,Paisley and Renfrewshire North,7.817446693443344,0.015143644959956303
scp_baby_boost,2028,S14000102,Paisley and Renfrewshire South,8.431851024841308,0.016349277415335057
scp_baby_boost,2028,S14000103,Perth and Kinross-shire,7.8353514102927875,0.015252381412525759
scp_baby_boost,2028,S14000104,Rutherglen,8.033692776451062,0.01581088199591473
scp_baby_boost,2028,S14000105,Stirling and Strathallan,8.056652470033441,0.015707944334913224
scp_baby_boost,2028,S14000106,West Dunbartonshire,7.963503850100096,0.015627814205846274
scp_baby_boost,2028,S14000107,"Ayr, Carrick and Cumnock",8.287032714230008,0.01640430671069437
scp_baby_boost,2028,S14000108,"Berwickshire, Roxburgh and Selkirk",8.235370486676402,0.015976638036179984
scp_baby_boost,2028,S14000109,Central Ayrshire,7.894169080391293,0.015535919784216803
scp_baby_boost,2028,S14000110,Kilmarnock and Loudoun,8.454332466906635,0.01637270828446678
scp_baby_boost,2028,S14000111,West Aberdeenshire and Kincardine,8.338910249665787,0.016434827391263215
scp_baby_boost,2029,S14000021,East Renfrewshire,7.888307409324625,0.015335994933332472
scp_baby_boost,2029,S14000027,Na h-Eileanan an Iar,8.020361339040392,0.015409730855034848
scp_baby_boost,2029,S14000045,Midlothian,8.138015352546063,0.01592938228435013
scp_baby_boost,2029,S14000048,North Ayrshire and Arran,7.937554720578191,0.015112225018381914
scp_baby_boost,2029,S14000051,Orkney and Shetland,7.921682846077601,0.01768200687217459
scp_baby_boost,2029,S14000060,Aberdeen North,8.351339013119286,0.016112538048266845
scp_baby_boost,2029,S14000061,Aberdeen South,7.80995227152016,0.014832722386689997
scp_baby_boost,2029,S14000062,Aberdeenshire North and Moray East,8.07341278797685,0.0157884344175894
scp_baby_boost,2029,S14000063,Airdrie and Shotts,8.183289049266023,0.016392709913483718
scp_baby_boost,2029,S14000064,Alloa and Grangemouth,7.788549297947611,0.014778391021119072
scp_baby_boost,2029,S14000065,Angus and Perthshire Glens,7.82111574197188,0.014967838397689432
scp_baby_boost,2029,S14000066,Arbroath and Broughty Ferry,7.530957046794356,0.01424418338830858
scp_baby_boost,2029,S14000067,"Argyll, Bute and South Lochaber",7.680437167087803,0.014826427472587958
scp_baby_boost,2029,S14000068,Bathgate and Linlithgow,8.272010070337274,0.016098121505045075
scp_baby_boost,2029,S14000069,"Caithness, Sutherland and Easter Ross",8.05113507900387,0.015400358408479487
scp_baby_boost,2029,S14000070,Coatbridge and Bellshill,7.757153341444791,0.01493586315236825
scp_baby_boost,2029,S14000071,Cowdenbeath and Kirkcaldy,8.359146791663079,0.016180462837571963
scp_baby_boost,2029,S14000072,Cumbernauld and Kirkintilloch,8.090188229791238,0.015562673222237176
scp_baby_boost,2029,S14000073,Dumfries and Galloway,8.080731132729852,0.015581316663978296
scp_baby_boost,2029,S14000074,"Dumfriesshire, Clydesdale and Tweeddale",8.557576612096454,0.016466602627045416
scp_baby_boost,2029,S14000075,Dundee Central,7.909226838550239,0.015319078429418839
scp_baby_boost,2029,S14000076,Dunfermline and Dollar,8.02973734249099,0.015592024269215483
scp_baby_boost,2029,S14000077,East Kilbride and Strathaven,8.38016056566994,0.016256298556442384
scp_baby_boost,2029,S14000078,Edinburgh East and Musselburgh,7.569697263657872,0.014479593783314692
scp_baby_boost,2029,S14000079,Edinburgh North and Leith,8.305196544919454,0.016050873722977435
scp_baby_boost,2029,S14000080,Edinburgh South,8.188645083348092,0.015894647335932155
scp_baby_boost,2029,S14000081,Edinburgh South West,8.007183742774941,0.01544113625795367
scp_baby_boost,2029,S14000082,Edinburgh West,7.983946591019048,0.015457232930046555
scp_baby_boost,2029,S14000083,Falkirk,7.990316370698565,0.015226654780111577
scp_baby_boost,2029,S14000084,Glasgow East,7.84882063861005,0.014695585731232808
scp_baby_boost,2029,S14000085,Glasgow North,7.355073488681228,0.013858337135566121
scp_baby_boost,2029,S14000086,Glasgow North East,8.054352579987608,0.015332179731851362
scp_baby_boost,2029,S14000087,Glasgow South,7.6533115014317445,0.014370912130034526
scp_baby_boost,2029,S14000088,Glasgow South West,8.110881634675025,0.015596422681322546
scp_baby_boost,2029,S14000089,Glasgow West,7.8152890268102055,0.015072917445516414
scp_baby_boost,2029,S14000090,Glenrothes and Mid Fife,7.959196650976082,0.015352450227159158
scp_baby_boost,2029,S14000091,Gordon and Buchan,7.992619510798249,0.015436704278020975
scp_baby_boost,2029,S14000092,Hamilton and Clyde Valley,8.118463216080272,0.015636540809032345
scp_baby_boost,2029,S14000093,Inverclyde and Renfrewshire West,7.6370486918021925,0.014789832610545586
scp_baby_boost,2029,S14000094,"Inverness, Skye and West Ross-shire",8.218216095447133,0.015815172215263577
scp_baby_boost,2029,S14000095,Livingston,7.938929330921383,0.015491283046365387
scp_baby_boost,2029,S14000096,Lothian East,7.993412456315127,0.015299707921794293
scp_baby_boost,2029,S14000097,Mid Dunbartonshire,8.08529383201676,0.01551736243660019
scp_baby_boost,2029,S14000098,"Moray West, Nairn and Strathspey",8.57903354298469,0.01675834692634843
scp_baby_boost,2029,S14000099,"Motherwell, Wishaw and Carluke",8.583140637427277,0.016454298527132604
scp_baby_boost,2029,S14000100,North East Fife,7.8326791482031695,0.014934018193397139
scp_baby_boost,2029,S14000101,Paisley and Renfrewshire North,7.801189402111049,0.014863915509474447
scp_baby_boost,2029,S14000102,Paisley and Renfrewshire South,8.41600229548203,0.016052567909564296
scp_baby_boost,2029,S14000103,Perth and Kinross-shire,7.817964299880259,0.014972759063983095
scp_baby_boost,2029,S14000104,Rutherglen,8.017724258497765,0.015526411615924985
scp_baby_boost,2029,S14000105,Stirling and Strathallan,8.039270600616874,0.015419045881737994
scp_baby_boost,2029,S14000106,West Dunbartonshire,7.947179059003247,0.015344259578267775
scp_baby_boost,2029,S14000107,"Ayr, Carrick and Cumnock",8.271728300285758,0.01611115770715773
scp_baby_boost,2029,S14000108,"Berwickshire, Roxburgh and Selkirk",8.217526090273168,0.01568240105325866
scp_baby_boost,2029,S14000109,Central Ayrshire,7.877294647601957,0.015254095824684982
scp_baby_boost,2029,S14000110,Kilmarnock and Loudoun,8.439088974038896,0.01607673157637751
scp_baby_boost,2029,S14000111,West Aberdeenshire and Kincardine,8.323954854662588,0.016141104183226503
scp_baby_boost,2030,S14000021,East Renfrewshire,7.690895172236196,0.014704828202742904
scp_baby_boost,2030,S14000027,Na h-Eileanan an Iar,7.82398699712212,0.014780369612423535
scp_baby_boost,2030,S14000045,Midlothian,7.861574031099735,0.01513336359982233
scp_baby_boost,2030,S14000048,North Ayrshire and Arran,7.720421566184086,0.014452201779286097
scp_baby_boost,2030,S14000051,Orkney and Shetland,7.896752007771283,0.017350666686140097
scp_baby_boost,2030,S14000060,Aberdeen North,8.17746388429805,0.015514388552433185
scp_baby_boost,2030,S14000061,Aberdeen South,7.597434578332468,0.014188089373130661
scp_baby_boost,2030,S14000062,Aberdeenshire North and Moray East,7.784255679223861,0.014970978096442744
scp_baby_boost,2030,S14000063,Airdrie and Shotts,7.899407515011262,0.0155646206081287
scp_baby_boost,2030,S14000064,Alloa and Grangemouth,7.632557462078694,0.014238635137749278
scp_baby_boost,2030,S14000065,Angus and Perthshire Glens,7.58241833649663,0.014268869205147265
scp_baby_boost,2030,S14000066,Arbroath and Broughty Ferry,7.225043971513514,0.013436933394691167
scp_baby_boost,2030,S14000067,"Argyll, Bute and South Lochaber",7.518084278446622,0.014270861319949424
scp_baby_boost,2030,S14000068,Bathgate and Linlithgow,8.029444768959365,0.015369243715249368
scp_baby_boost,2030,S14000069,"Caithness, Sutherland and Easter Ross",7.832718847806973,0.014732359630487713
scp_baby_boost,2030,S14000070,Coatbridge and Bellshill,7.506568208926183,0.014211517157727357
scp_baby_boost,2030,S14000071,Cowdenbeath and Kirkcaldy,8.137350629309367,0.015488179187600528
scp_baby_boost,2030,S14000072,Cumbernauld and Kirkintilloch,7.873190891419654,0.014891215171849635
scp_baby_boost,2030,S14000073,Dumfries and Galloway,7.917157633397437,0.015012772145414681
scp_baby_boost,2030,S14000074,"Dumfriesshire, Clydesdale and Tweeddale",8.294784670601075,0.015694690401306034
scp_baby_boost,2030,S14000075,Dundee Central,7.782090816610435,0.014823641922282827
scp_baby_boost,2030,S14000076,Dunfermline and Dollar,7.846339024858025,0.014984077237290554
scp_baby_boost,2030,S14000077,East Kilbride and Strathaven,8.161511191297905,0.015569983002546837
scp_baby_boost,2030,S14000078,Edinburgh East and Musselburgh,7.329188114024873,0.013784979264912739
scp_baby_boost,2030,S14000079,Edinburgh North and Leith,8.08123869580595,0.015356601807494739
scp_baby_boost,2030,S14000080,Edinburgh South,7.957636100749369,0.015189899000691402
scp_baby_boost,2030,S14000081,Edinburgh South West,7.831417365683592,0.01485025005477241
scp_baby_boost,2030,S14000082,Edinburgh West,7.742430400394369,0.014740115011259967
scp_baby_boost,2030,S14000083,Falkirk,7.788959558856732,0.014593858657975241
scp_baby_boost,2030,S14000084,Glasgow East,7.700444874128152,0.01417404705594279
scp_baby_boost,2030,S14000085,Glasgow North,7.124039491223812,0.01319659762946423
scp_baby_boost,2030,S14000086,Glasgow North East,7.810641405027127,0.014619385536354678
scp_baby_boost,2030,S14000087,Glasgow South,7.456111878535012,0.01376437819790482
scp_baby_boost,2030,S14000088,Glasgow South West,7.857502570092038,0.014857587782142651
scp_baby_boost,2030,S14000089,Glasgow West,7.58461901746341,0.014385250418424447
scp_baby_boost,2030,S14000090,Glenrothes and Mid Fife,7.859030479412468,0.014907041877535679
scp_baby_boost,2030,S14000091,Gordon and Buchan,7.766239135300566,0.014751503363434792
scp_baby_boost,2030,S14000092,Hamilton and Clyde Valley,7.963211573151057,0.015081478542631088
scp_baby_boost,2030,S14000093,Inverclyde and Renfrewshire West,7.331260969134746,0.013962050576322433
scp_baby_boost,2030,S14000094,"Inverness, Skye and West Ross-shire",7.990488199298852,0.01512007913670798
scp_baby_boost,2030,S14000095,Livingston,7.67302254835522,0.014724643180538937
scp_baby_boost,2030,S14000096,Lothian East,7.760204293554125,0.014605549399374302
scp_baby_boost,2030,S14000097,Mid Dunbartonshire,7.780271238356363,0.014683252219388739
scp_baby_boost,2030,S14000098,"Moray West, Nairn and Strathspey",8.37047275097575,0.016081050740461813
scp_baby_boost,2030,S14000099,"Motherwell, Wishaw and Carluke",8.305230739839317,0.015654670093851825
scp_baby_boost,2030,S14000100,North East Fife,7.611050712963333,0.014270525006164532
scp_baby_boost,2030,S14000101,Paisley and Renfrewshire North,7.582833778003987,0.014204215628785575
scp_baby_boost,2030,S14000102,Paisley and Renfrewshire South,8.218000297914841,0.015411435563948883
scp_baby_boost,2030,S14000103,Perth and Kinross-shire,7.652691760122252,0.014411983987862139
scp_baby_boost,2030,S14000104,Rutherglen,7.941355497394397,0.015123860503655977
scp_baby_boost,2030,S14000105,Stirling and Strathallan,7.802726696791069,0.014715005285759536
scp_baby_boost,2030,S14000106,West Dunbartonshire,7.8290457872717525,0.014865263477107933
scp_baby_boost,2030,S14000107,"Ayr, Carrick and Cumnock",8.056398379761958,0.015432623977925468
scp_baby_boost,2030,S14000108,"Berwickshire, Roxburgh and Selkirk",7.941668019848294,0.01490215667184431
scp_baby_boost,2030,S14000109,Central Ayrshire,7.660925008662161,0.014589080658045393
scp_baby_boost,2030,S14000110,Kilmarnock and Loudoun,8.231253265883424,0.01541793146011387
scp_baby_boost,2030,S14000111,West Aberdeenshire and Kincardine,8.09249763734988,0.015432447442869103
income_tax_threshold_uplift,2026,S14000021,East Renfrewshire,23.03207593334082,0.04703791825660959
income_tax_threshold_uplift,2026,S14000027,Na h-Eileanan an Iar,23.44279971967626,0.047330868474741744
income_tax_threshold_uplift,2026,S14000045,Midlothian,22.81002051869291,0.04690113621402832
income_tax_threshold_uplift,2026,S14000048,North Ayrshire and Arran,23.73238086447236,0.04748089811215791
income_tax_threshold_uplift,2026,S14000051,Orkney and Shetland,17.87107643498166,0.04190992024345667
income_tax_threshold_uplift,2026,S14000060,Aberdeen North,23.44172743640229,0.047504269957969976
income_tax_threshold_uplift,2026,S14000061,Aberdeen South,23.87488456277788,0.047637825527475
income_tax_threshold_uplift,2026,S14000062,Aberdeenshire North and Moray East,22.812907140134485,0.046857901504359874
income_tax_threshold_uplift,2026,S14000063,Airdrie and Shotts,21.773398407596687,0.045842006706064344
income_tax_threshold_uplift,2026,S14000064,Alloa and Grangemouth,23.841468329454074,0.04753471865977029
income_tax_threshold_uplift,2026,S14000065,Angus and Perthshire Glens,23.596337936120108,0.04743150705338625
income_tax_threshold_uplift,2026,S14000066,Arbroath and Broughty Ferry,24.026703877847467,0.04773677591324041
income_tax_threshold_uplift,2026,S14000067,"Argyll, Bute and South Lochaber",23.337933785827772,0.047330496200507374
income_tax_threshold_uplift,2026,S14000068,Bathgate and Linlithgow,23.052139222156256,0.04710598039723663
income_tax_threshold_uplift,2026,S14000069,"Caithness, Sutherland and Easter Ross",23.536387188090885,0.0473049586110599
income_tax_threshold_uplift,2026,S14000070,Coatbridge and Bellshill,23.41206049372704,0.047360422823387115
income_tax_threshold_uplift,2026,S14000071,Cowdenbeath and Kirkcaldy,23.29772000011144,0.047373275071560736
income_tax_threshold_uplift,2026,S14000072,Cumbernauld and Kirkintilloch,23.41430317125196,0.047330978402249015
income_tax_threshold_uplift,2026,S14000073,Dumfries and Galloway,23.29479758116213,0.0471805178722534
income_tax_threshold_uplift,2026,S14000074,"Dumfriesshire, Clydesdale and Tweeddale",23.544365535170073,0.04759103359735721
income_tax_threshold_uplift,2026,S14000075,Dundee Central,23.249941888840112,0.047290016402593366
income_tax_threshold_uplift,2026,S14000076,Dunfermline and Dollar,23.061022970447084,0.04703194700691915
income_tax_threshold_uplift,2026,S14000077,East Kilbride and Strathaven,23.166842488688417,0.04719819326850747
income_tax_threshold_uplift,2026,S14000078,Edinburgh East and Musselburgh,23.63823018046969,0.04751558223662583
income_tax_threshold_uplift,2026,S14000079,Edinburgh North and Leith,23.192309263868083,0.0471003683659559
income_tax_threshold_uplift,2026,S14000080,Edinburgh South,23.169270291982684,0.04723875866985665
income_tax_threshold_uplift,2026,S14000081,Edinburgh South West,23.3374612480402,0.04727981528672185
income_tax_threshold_uplift,2026,S14000082,Edinburgh West,23.250568889408896,0.04728687004875994
income_tax_threshold_uplift,2026,S14000083,Falkirk,23.831815735218697,0.04771281646935097
income_tax_threshold_uplift,2026,S14000084,Glasgow East,24.28357114669052,0.047781036103680105
income_tax_threshold_uplift,2026,S14000085,Glasgow North,24.017151026324427,0.0475589341612299
income_tax_threshold_uplift,2026,S14000086,Glasgow North East,23.846904578480462,0.04769037166427576
income_tax_threshold_uplift,2026,S14000087,Glasgow South,24.170170686542406,0.04769163562509548
income_tax_threshold_uplift,2026,S14000088,Glasgow South West,23.481676642797538,0.04742848397131849
income_tax_threshold_uplift,2026,S14000089,Glasgow West,23.405336342271767,0.047409553276853436
income_tax_threshold_uplift,2026,S14000090,Glenrothes and Mid Fife,23.42541724038165,0.04746268421080392
income_tax_threshold_uplift,2026,S14000091,Gordon and Buchan,23.377407623105682,0.04741120024442166
income_tax_threshold_uplift,2026,S14000092,Hamilton and Clyde Valley,23.346783540182514,0.04724111474534399
income_tax_threshold_uplift,2026,S14000093,Inverclyde and Renfrewshire West,23.29636173943436,0.04738729685966991
income_tax_threshold_uplift,2026,S14000094,"Inverness, Skye and West Ross-shire",23.42446413955622,0.04735473310252805
income_tax_threshold_uplift,2026,S14000095,Livingston,23.017403185636795,0.04717400308560958
income_tax_threshold_uplift,2026,S14000096,Lothian East,23.551647041014803,0.047357499202552944
income_tax_threshold_uplift,2026,S14000097,Mid Dunbartonshire,23.55603762590181,0.04748914406529518
income_tax_threshold_uplift,2026,S14000098,"Moray West, Nairn and Strathspey",22.889982044216595,0.04695787998458378
income_tax_threshold_uplift,2026,S14000099,"Motherwell, Wishaw and Carluke",23.58651259233011,0.04750937513171484
income_tax_threshold_uplift,2026,S14000100,North East Fife,23.87430487968959,0.04781268344920277
income_tax_threshold_uplift,2026,S14000101,Paisley and Renfrewshire North,23.657113676395966,0.047377170132526625
income_tax_threshold_uplift,2026,S14000102,Paisley and Renfrewshire South,23.676464758980728,0.04745450852525302
income_tax_threshold_uplift,2026,S14000103,Perth and Kinross-shire,23.682202184885682,0.04764616904983722
income_tax_threshold_uplift,2026,S14000104,Rutherglen,23.183596888680768,0.047149795162568356
income_tax_threshold_uplift,2026,S14000105,Stirling and Strathallan,23.53865613888047,0.04743967474806347
income_tax_threshold_uplift,2026,S14000106,West Dunbartonshire,23.301685224570974,0.04725789277263154
income_tax_threshold_uplift,2026,S14000107,"Ayr, Carrick and Cumnock",23.05796073372767,0.04716549109628589
income_tax_threshold_uplift,2026,S14000108,"Berwickshire, Roxburgh and Selkirk",23.683241772036126,0.04749247363155096
income_tax_threshold_uplift,2026,S14000109,Central Ayrshire,23.244419155242213,0.04727363444646124
income_tax_threshold_uplift,2026,S14000110,Kilmarnock and Loudoun,23.77396366003086,0.047588739230770005
income_tax_threshold_uplift,2026,S14000111,West Aberdeenshire and Kincardine,23.136431855025876,0.0471241807434353
income_tax_threshold_uplift,2027,S14000021,East Renfrewshire,23.319564501762216,0.04686003253879317
income_tax_threshold_uplift,2027,S14000027,Na h-Eileanan an Iar,23.728506478764757,0.04713613828552918
income_tax_threshold_uplift,2027,S14000045,Midlothian,23.09819340149261,0.046729662340856425
income_tax_threshold_uplift,2027,S14000048,North Ayrshire and Arran,24.020832820380747,0.04728502246845758
income_tax_threshold_uplift,2027,S14000051,Orkney and Shetland,18.130843337799888,0.04182790257528461
income_tax_threshold_uplift,2027,S14000060,Aberdeen North,23.722839676134754,0.04730476068529456
income_tax_threshold_uplift,2027,S14000061,Aberdeen South,24.1611160131215,0.04743456227898455
income_tax_threshold_uplift,2027,S14000062,Aberdeenshire North and Moray East,23.10303528374061,0.04669345384107139
income_tax_threshold_uplift,2027,S14000063,Airdrie and Shotts,22.0530495780622,0.045677416314090696
income_tax_threshold_uplift,2027,S14000064,Alloa and Grangemouth,24.12629320389533,0.047328517084661716
income_tax_threshold_uplift,2027,S14000065,Angus and Perthshire Glens,23.893959846820508,0.04726209497826324
income_tax_threshold_uplift,2027,S14000066,Arbroath and Broughty Ferry,24.315222031895246,0.04753697727461675
income_tax_threshold_uplift,2027,S14000067,"Argyll, Bute and South Lochaber",23.624423161323648,0.047142431619669106
income_tax_threshold_uplift,2027,S14000068,Bathgate and Linlithgow,23.339843956440745,0.04693283498750904
income_tax_threshold_uplift,2027,S14000069,"Caithness, Sutherland and Easter Ross",23.823252397531178,0.04710975092564067
income_tax_threshold_uplift,2027,S14000070,Coatbridge and Bellshill,23.704146980708174,0.047181731155396076
income_tax_threshold_uplift,2027,S14000071,Cowdenbeath and Kirkcaldy,23.58170379132207,0.04718406989565754
income_tax_threshold_uplift,2027,S14000072,Cumbernauld and Kirkintilloch,23.699114855829976,0.0471349500648469
income_tax_threshold_uplift,2027,S14000073,Dumfries and Galloway,23.580275018328393,0.04699297420730104
income_tax_threshold_uplift,2027,S14000074,"Dumfriesshire, Clydesdale and Tweeddale",23.828662624480785,0.047394714652852464
income_tax_threshold_uplift,2027,S14000075,Dundee Central,23.536340904458484,0.04710726869030631
income_tax_threshold_uplift,2027,S14000076,Dunfermline and Dollar,23.339761405673926,0.04683739945341786
income_tax_threshold_uplift,2027,S14000077,East Kilbride and Strathaven,23.45320231453661,0.047018995847215736
income_tax_threshold_uplift,2027,S14000078,Edinburgh East and Musselburgh,23.932213724125177,0.047331141759854096
income_tax_threshold_uplift,2027,S14000079,Edinburgh North and Leith,23.475032965776336,0.04690820462862754
income_tax_threshold_uplift,2027,S14000080,Edinburgh South,23.452577480333275,0.04705040097229823
income_tax_threshold_uplift,2027,S14000081,Edinburgh South West,23.623908864967234,0.047091509885735496
income_tax_threshold_uplift,2027,S14000082,Edinburgh West,23.538554778977414,0.047105300290233715
income_tax_threshold_uplift,2027,S14000083,Falkirk,24.11717598488758,0.047510083910421226
income_tax_threshold_uplift,2027,S14000084,Glasgow East,24.56671095389902,0.047559200690782864
income_tax_threshold_uplift,2027,S14000085,Glasgow North,24.307134211238008,0.04735704946158644
income_tax_threshold_uplift,2027,S14000086,Glasgow North East,24.13066154680564,0.04748476575522363
income_tax_threshold_uplift,2027,S14000087,Glasgow South,24.45883829887316,0.04748504154930547
income_tax_threshold_uplift,2027,S14000088,Glasgow South West,23.764946719966247,0.04723226901445923
income_tax_threshold_uplift,2027,S14000089,Glasgow West,23.692291030325578,0.04722602818598942
income_tax_threshold_uplift,2027,S14000090,Glenrothes and Mid Fife,23.713698458763247,0.047276491009080907
income_tax_threshold_uplift,2027,S14000091,Gordon and Buchan,23.669691166454868,0.047237224201595124
income_tax_threshold_uplift,2027,S14000092,Hamilton and Clyde Valley,23.62963628162106,0.04704542534115654
income_tax_threshold_uplift,2027,S14000093,Inverclyde and Renfrewshire West,23.585652607216616,0.04720844342563668
income_tax_threshold_uplift,2027,S14000094,"Inverness, Skye and West Ross-shire",23.71417578265391,0.047171775958925
income_tax_threshold_uplift,2027,S14000095,Livingston,23.30542949417577,0.04699968671888623
income_tax_threshold_uplift,2027,S14000096,Lothian East,23.83766647570883,0.04716242441090467
income_tax_threshold_uplift,2027,S14000097,Mid Dunbartonshire,23.843878678584588,0.047298658898980925
income_tax_threshold_uplift,2027,S14000098,"Moray West, Nairn and Strathspey",23.175172125411336,0.046783693614475826
income_tax_threshold_uplift,2027,S14000099,"Motherwell, Wishaw and Carluke",23.874314841785235,0.047317139978676724
income_tax_threshold_uplift,2027,S14000100,North East Fife,24.16972880447429,0.04762843593177071
income_tax_threshold_uplift,2027,S14000101,Paisley and Renfrewshire North,23.943736700959562,0.04717802801755144
income_tax_threshold_uplift,2027,S14000102,Paisley and Renfrewshire South,23.957696610465064,0.047245334105921855
income_tax_threshold_uplift,2027,S14000103,Perth and Kinross-shire,23.969655810324184,0.047449865359511116
income_tax_threshold_uplift,2027,S14000104,Rutherglen,23.466652620074456,0.046961364563098636
income_tax_threshold_uplift,2027,S14000105,Stirling and Strathallan,23.823788285902992,0.04724130935283643
income_tax_threshold_uplift,2027,S14000106,West Dunbartonshire,23.580256844208634,0.04705538052627171
income_tax_threshold_uplift,2027,S14000107,"Ayr, Carrick and Cumnock",23.337856782709423,0.046975930510829905
income_tax_threshold_uplift,2027,S14000108,"Berwickshire, Roxburgh and Selkirk",23.967761613690527,0.04728982546138243
income_tax_threshold_uplift,2027,S14000109,Central Ayrshire,23.529639855049027,0.04708735214593776
income_tax_threshold_uplift,2027,S14000110,Kilmarnock and Loudoun,24.055780343798688,0.047380523289684104
income_tax_threshold_uplift,2027,S14000111,West Aberdeenshire and Kincardine,23.424280793129583,0.04694685467503767
income_tax_threshold_uplift,2028,S14000021,East Renfrewshire,23.56796053875587,0.04657029607631528
income_tax_threshold_uplift,2028,S14000027,Na h-Eileanan an Iar,23.98890861658583,0.04685452321099328
income_tax_threshold_uplift,2028,S14000045,Midlothian,23.34708332714945,0.046447466563832814
income_tax_threshold_uplift,2028,S14000048,North Ayrshire and Arran,24.274965457967483,0.0469831024685093
income_tax_threshold_uplift,2028,S14000051,Orkney and Shetland,18.345303400805278,0.04161717528279707
income_tax_threshold_uplift,2028,S14000060,Aberdeen North,23.97308138795779,0.047008735704478354
income_tax_threshold_uplift,2028,S14000061,Aberdeen South,24.414985204894037,0.04713234108831271
income_tax_threshold_uplift,2028,S14000062,Aberdeenshire North and Moray East,23.34852199252782,0.04640639548167944
income_tax_threshold_uplift,2028,S14000063,Airdrie and Shotts,22.302894614476827,0.04541843410260387
income_tax_threshold_uplift,2028,S14000064,Alloa and Grangemouth,24.38155110511434,0.0470284370941295
income_tax_threshold_uplift,2028,S14000065,Angus and Perthshire Glens,24.149322089913767,0.04697307789334038
income_tax_threshold_uplift,2028,S14000066,Arbroath and Broughty Ferry,24.56665264464391,0.04722866905164142
income_tax_threshold_uplift,2028,S14000067,"Argyll, Bute and South Lochaber",23.87581989901082,0.04684990287021161
income_tax_threshold_uplift,2028,S14000068,Bathgate and Linlithgow,23.583553692697024,0.04663924277018463
income_tax_threshold_uplift,2028,S14000069,"Caithness, Sutherland and Easter Ross",24.076759106479585,0.04681413981436154
income_tax_threshold_uplift,2028,S14000070,Coatbridge and Bellshill,23.959710759248992,0.046893266012648836
income_tax_threshold_uplift,2028,S14000071,Cowdenbeath and Kirkcaldy,23.835654553164204,0.046895847974933715
income_tax_threshold_uplift,2028,S14000072,Cumbernauld and Kirkintilloch,23.954077253700234,0.04684210620281881
income_tax_threshold_uplift,2028,S14000073,Dumfries and Galloway,23.82349541471922,0.04668848825545608
income_tax_threshold_uplift,2028,S14000074,"Dumfriesshire, Clydesdale and Tweeddale",24.083390670115477,0.04710328804081096
income_tax_threshold_uplift,2028,S14000075,Dundee Central,23.77994157037756,0.046807760987015674
income_tax_threshold_uplift,2028,S14000076,Dunfermline and Dollar,23.583567699533887,0.04654191310968708
income_tax_threshold_uplift,2028,S14000077,East Kilbride and Strathaven,23.7015030965631,0.04672845479527915
income_tax_threshold_uplift,2028,S14000078,Edinburgh East and Musselburgh,24.195102408673847,0.04704807688788685
income_tax_threshold_uplift,2028,S14000079,Edinburgh North and Leith,23.73262200998579,0.046626257111212384
income_tax_threshold_uplift,2028,S14000080,Edinburgh South,23.70167828133708,0.0467595062755242
income_tax_threshold_uplift,2028,S14000081,Edinburgh South West,23.873838814855844,0.04679540622603956
income_tax_threshold_uplift,2028,S14000082,Edinburgh West,23.788466970145237,0.04681137146712213
income_tax_threshold_uplift,2028,S14000083,Falkirk,24.373439904033148,0.04721288938307261
income_tax_threshold_uplift,2028,S14000084,Glasgow East,24.82268557317002,0.04724808427989403
income_tax_threshold_uplift,2028,S14000085,Glasgow North,24.564782430439664,0.04705465064781538
income_tax_threshold_uplift,2028,S14000086,Glasgow North East,24.381707646869472,0.047176351313691155
income_tax_threshold_uplift,2028,S14000087,Glasgow South,24.713560089759994,0.04717465112965009
income_tax_threshold_uplift,2028,S14000088,Glasgow South West,24.01278152269515,0.046930868838735304
income_tax_threshold_uplift,2028,S14000089,Glasgow West,23.94264059789566,0.04693213767964737
income_tax_threshold_uplift,2028,S14000090,Glenrothes and Mid Fife,23.964620259990625,0.046982974027518165
income_tax_threshold_uplift,2028,S14000091,Gordon and Buchan,23.919314640421362,0.04694656300584123
income_tax_threshold_uplift,2028,S14000092,Hamilton and Clyde Valley,23.878517960758472,0.046747495146287
income_tax_threshold_uplift,2028,S14000093,Inverclyde and Renfrewshire West,23.83665972194285,0.046918694347405115
income_tax_threshold_uplift,2028,S14000094,"Inverness, Skye and West Ross-shire",23.963523017955595,0.0468723775942553
income_tax_threshold_uplift,2028,S14000095,Livingston,23.556696937062952,0.046717066004661245
income_tax_threshold_uplift,2028,S14000096,Lothian East,24.09151646875398,0.0468700505934809
income_tax_threshold_uplift,2028,S14000097,Mid Dunbartonshire,24.09443115779868,0.04700084072139828
income_tax_threshold_uplift,2028,S14000098,"Moray West, Nairn and Strathspey",23.41998169990984,0.04649336437147217
income_tax_threshold_uplift,2028,S14000099,"Motherwell, Wishaw and Carluke",24.13269571730052,0.04702891470232224
income_tax_threshold_uplift,2028,S14000100,North East Fife,24.423117185964657,0.047329395791268394
income_tax_threshold_uplift,2028,S14000101,Paisley and Renfrewshire North,24.19772350123094,0.046874861820186686
income_tax_threshold_uplift,2028,S14000102,Paisley and Renfrewshire South,24.211001409916207,0.046944897079848266
income_tax_threshold_uplift,2028,S14000103,Perth and Kinross-shire,24.22563314584113,0.04715788448427585
income_tax_threshold_uplift,2028,S14000104,Rutherglen,23.709771400106547,0.04666252596266209
income_tax_threshold_uplift,2028,S14000105,Stirling and Strathallan,24.085334769864858,0.04695884540880747
income_tax_threshold_uplift,2028,S14000106,West Dunbartonshire,23.822487768869905,0.046749950747906624
income_tax_threshold_uplift,2028,S14000107,"Ayr, Carrick and Cumnock",23.583222338784253,0.04668334563318562
income_tax_threshold_uplift,2028,S14000108,"Berwickshire, Roxburgh and Selkirk",24.22165121535363,0.046990060098981656
income_tax_threshold_uplift,2028,S14000109,Central Ayrshire,23.774256159740617,0.04678832349114627
income_tax_threshold_uplift,2028,S14000110,Kilmarnock and Loudoun,24.307092867224128,0.04707325413523968
income_tax_threshold_uplift,2028,S14000111,West Aberdeenshire and Kincardine,23.669222105098015,0.04664873084565796
income_tax_threshold_uplift,2029,S14000021,East Renfrewshire,23.799537440201675,0.046269695976495766
income_tax_threshold_uplift,2029,S14000027,Na h-Eileanan an Iar,24.235051390787703,0.04656344064850563
income_tax_threshold_uplift,2029,S14000045,Midlothian,23.58041525245062,0.04615639473603222
income_tax_threshold_uplift,2029,S14000048,North Ayrshire and Arran,24.515920204845315,0.046675596668054285
income_tax_threshold_uplift,2029,S14000051,Orkney and Shetland,18.5547872023526,0.04141618406071212
income_tax_threshold_uplift,2029,S14000060,Aberdeen North,24.207820964584243,0.04670501769174488
income_tax_threshold_uplift,2029,S14000061,Aberdeen South,24.651784366811626,0.046818861516331536
income_tax_threshold_uplift,2029,S14000062,Aberdeenshire North and Moray East,23.577478101258748,0.04610831583989378
income_tax_threshold_uplift,2029,S14000063,Airdrie and Shotts,22.54059244054224,0.04515316408003629
income_tax_threshold_uplift,2029,S14000064,Alloa and Grangemouth,24.621207356052764,0.04671753567967831
income_tax_threshold_uplift,2029,S14000065,Angus and Perthshire Glens,24.38396421053767,0.04666536691686295
income_tax_threshold_uplift,2029,S14000066,Arbroath and Broughty Ferry,24.800064675837348,0.046907274479132614
income_tax_threshold_uplift,2029,S14000067,"Argyll, Bute and South Lochaber",24.11304307031969,0.04654816860653285
income_tax_threshold_uplift,2029,S14000068,Bathgate and Linlithgow,23.807677812197653,0.04633201445777459
income_tax_threshold_uplift,2029,S14000069,"Caithness, Sutherland and Easter Ross",24.314347963401815,0.04650892941560237
income_tax_threshold_uplift,2029,S14000070,Coatbridge and Bellshill,24.199202559109835,0.04659389365016544
income_tax_threshold_uplift,2029,S14000071,Cowdenbeath and Kirkcaldy,24.07149413490697,0.046594219003684205
income_tax_threshold_uplift,2029,S14000072,Cumbernauld and Kirkintilloch,24.19397229880269,0.04654068287899904
income_tax_threshold_uplift,2029,S14000073,Dumfries and Galloway,24.0487237373236,0.04637090057334761
income_tax_threshold_uplift,2029,S14000074,"Dumfriesshire, Clydesdale and Tweeddale",24.32039429382712,0.046797625860974315
income_tax_threshold_uplift,2029,S14000075,Dundee Central,24.003382192735444,0.04649123130336605
income_tax_threshold_uplift,2029,S14000076,Dunfermline and Dollar,23.809547639408265,0.04623302466796876
income_tax_threshold_uplift,2029,S14000077,East Kilbride and Strathaven,23.931779055987136,0.04642418749286105
income_tax_threshold_uplift,2029,S14000078,Edinburgh East and Musselburgh,24.440642295623547,0.046750954485717415
income_tax_threshold_uplift,2029,S14000079,Edinburgh North and Leith,23.97594367786951,0.04633663300817583
income_tax_threshold_uplift,2029,S14000080,Edinburgh South,23.931913203487056,0.04645326749074773
income_tax_threshold_uplift,2029,S14000081,Edinburgh South West,24.11156015524466,0.046496982922981225
income_tax_threshold_uplift,2029,S14000082,Edinburgh West,24.0253276818039,0.04651397425630052
income_tax_threshold_uplift,2029,S14000083,Falkirk,24.617317756899865,0.04691170933746821
income_tax_threshold_uplift,2029,S14000084,Glasgow East,25.06449893287936,0.04692902409651074
income_tax_threshold_uplift,2029,S14000085,Glasgow North,24.807014054407773,0.04674106446682843
income_tax_threshold_uplift,2029,S14000086,Glasgow North East,24.61793962336378,0.046862447500883975
income_tax_threshold_uplift,2029,S14000087,Glasgow South,24.953748182102572,0.046856595654432495
income_tax_threshold_uplift,2029,S14000088,Glasgow South West,24.243214073991112,0.046617301408430976
income_tax_threshold_uplift,2029,S14000089,Glasgow West,24.175710659001197,0.04662636144354405
income_tax_threshold_uplift,2029,S14000090,Glenrothes and Mid Fife,24.198981317960715,0.04667728070098448
income_tax_threshold_uplift,2029,S14000091,Gordon and Buchan,24.151040509415907,0.04664459128157902
income_tax_threshold_uplift,2029,S14000092,Hamilton and Clyde Valley,24.115278243640205,0.04644715660360042
income_tax_threshold_uplift,2029,S14000093,Inverclyde and Renfrewshire West,24.067506362749555,0.04660889367386088
income_tax_threshold_uplift,2029,S14000094,"Inverness, Skye and West Ross-shire",24.19650588267541,0.04656386533254448
income_tax_threshold_uplift,2029,S14000095,Livingston,23.788462817836262,0.04641857804599843
income_tax_threshold_uplift,2029,S14000096,Lothian East,24.32956716477929,0.04656775482550243
income_tax_threshold_uplift,2029,S14000097,Mid Dunbartonshire,24.325035774985736,0.046684808770835654
income_tax_threshold_uplift,2029,S14000098,"Moray West, Nairn and Strathspey",23.644853441073792,0.046188029805781725
income_tax_threshold_uplift,2029,S14000099,"Motherwell, Wishaw and Carluke",24.379442872719665,0.04673657905635167
income_tax_threshold_uplift,2029,S14000100,North East Fife,24.654915689745394,0.04700779292763388
income_tax_threshold_uplift,2029,S14000101,Paisley and Renfrewshire North,24.440317014654283,0.046567105143260144
income_tax_threshold_uplift,2029,S14000102,Paisley and Renfrewshire South,24.44937849920825,0.04663441084324258
income_tax_threshold_uplift,2029,S14000103,Perth and Kinross-shire,24.46258252007101,0.04685009295340956
income_tax_threshold_uplift,2029,S14000104,Rutherglen,23.93342481732543,0.04634734160366517
income_tax_threshold_uplift,2029,S14000105,Stirling and Strathallan,24.33296042517759,0.04666978534166255
income_tax_threshold_uplift,2029,S14000106,West Dunbartonshire,24.046284278592793,0.04642810047743213
income_tax_threshold_uplift,2029,S14000107,"Ayr, Carrick and Cumnock",23.812802247077343,0.04638109455780471
income_tax_threshold_uplift,2029,S14000108,"Berwickshire, Roxburgh and Selkirk",24.45848310029396,0.046676790182288125
income_tax_threshold_uplift,2029,S14000109,Central Ayrshire,24.001010219471937,0.04647708714165244
income_tax_threshold_uplift,2029,S14000110,Kilmarnock and Loudoun,24.54434787479113,0.04675775948258536
income_tax_threshold_uplift,2029,S14000111,West Aberdeenshire and Kincardine,23.89411503996962,0.04633343248012874
income_tax_threshold_uplift,2030,S14000021,East Renfrewshire,24.13171889649675,0.0461393339348679
income_tax_threshold_uplift,2030,S14000027,Na h-Eileanan an Iar,24.574076273485844,0.046423125490828214
income_tax_threshold_uplift,2030,S14000045,Midlothian,23.90783504461433,0.04602207639124795
income_tax_threshold_uplift,2030,S14000048,North Ayrshire and Arran,24.850214735641202,0.04651822630918649
income_tax_threshold_uplift,2030,S14000051,Orkney and Shetland,18.826433109963546,0.04136525567200645
income_tax_threshold_uplift,2030,S14000060,Aberdeen North,24.54146745961043,0.046560384393305655
income_tax_threshold_uplift,2030,S14000061,Aberdeen South,24.988615538240992,0.04666584580780708
income_tax_threshold_uplift,2030,S14000062,Aberdeenshire North and Moray East,23.903443331364542,0.04597201598844446
income_tax_threshold_uplift,2030,S14000063,Airdrie and Shotts,22.86681626610516,0.04505569804081763
income_tax_threshold_uplift,2030,S14000064,Alloa and Grangemouth,24.963893125750474,0.046570467055288
income_tax_threshold_uplift,2030,S14000065,Angus and Perthshire Glens,24.719748559145955,0.04651851735439235
income_tax_threshold_uplift,2030,S14000066,Arbroath and Broughty Ferry,25.13897564620129,0.04675275924971417
income_tax_threshold_uplift,2030,S14000067,"Argyll, Bute and South Lochaber",24.449106752566877,0.046409404169995845
income_tax_threshold_uplift,2030,S14000068,Bathgate and Linlithgow,24.13280740864866,0.04619285757223867
income_tax_threshold_uplift,2030,S14000069,"Caithness, Sutherland and Easter Ross",24.65203289031342,0.04636737526515377
income_tax_threshold_uplift,2030,S14000070,Coatbridge and Bellshill,24.537892977357842,0.04645540776509952
income_tax_threshold_uplift,2030,S14000071,Cowdenbeath and Kirkcaldy,24.413882015745912,0.046468020925983254
income_tax_threshold_uplift,2030,S14000072,Cumbernauld and Kirkintilloch,24.531692068223492,0.04639881214052499
income_tax_threshold_uplift,2030,S14000073,Dumfries and Galloway,24.37187958646973,0.046214751799774606
income_tax_threshold_uplift,2030,S14000074,"Dumfriesshire, Clydesdale and Tweeddale",24.663650125199638,0.046666473965633525
income_tax_threshold_uplift,2030,S14000075,Dundee Central,24.333784986913088,0.046351979662058784
income_tax_threshold_uplift,2030,S14000076,Dunfermline and Dollar,24.13504474027286,0.04609045994163569
income_tax_threshold_uplift,2030,S14000077,East Kilbride and Strathaven,24.26143316939124,0.04628433303719761
income_tax_threshold_uplift,2030,S14000078,Edinburgh East and Musselburgh,24.784701127689914,0.04661588511809144
income_tax_threshold_uplift,2030,S14000079,Edinburgh North and Leith,24.31892692438123,0.046212726937159235
income_tax_threshold_uplift,2030,S14000080,Edinburgh South,24.267941897778655,0.04632375515980071
income_tax_threshold_uplift,2030,S14000081,Edinburgh South West,24.444229436150636,0.04635213558068098
income_tax_threshold_uplift,2030,S14000082,Edinburgh West,24.358085843297886,0.046373162975551704
income_tax_threshold_uplift,2030,S14000083,Falkirk,24.959482368416502,0.04676557313058653
income_tax_threshold_uplift,2030,S14000084,Glasgow East,25.408893549101776,0.046769616391181004
income_tax_threshold_uplift,2030,S14000085,Glasgow North,25.15373571838427,0.046594874938905795
income_tax_threshold_uplift,2030,S14000086,Glasgow North East,24.95769502559415,0.04671398247051581
income_tax_threshold_uplift,2030,S14000087,Glasgow South,25.301604100510303,0.04670810383836542
income_tax_threshold_uplift,2030,S14000088,Glasgow South West,24.57784673999413,0.0464737379565673
income_tax_threshold_uplift,2030,S14000089,Glasgow West,24.507116532076907,0.04648104374599679
income_tax_threshold_uplift,2030,S14000090,Glenrothes and Mid Fife,24.53331629325112,0.04653489693625206
income_tax_threshold_uplift,2030,S14000091,Gordon and Buchan,24.474177482697996,0.046487225691041904
income_tax_threshold_uplift,2030,S14000092,Hamilton and Clyde Valley,24.44930644275155,0.04630439454124183
income_tax_threshold_uplift,2030,S14000093,Inverclyde and Renfrewshire West,24.402532837608305,0.046473505595213786
income_tax_threshold_uplift,2030,S14000094,"Inverness, Skye and West Ross-shire",24.53114368524257,0.04641929561542543
income_tax_threshold_uplift,2030,S14000095,Livingston,24.120077024206694,0.046286782741788046
income_tax_threshold_uplift,2030,S14000096,Lothian East,24.66800868591963,0.046427878161102255
income_tax_threshold_uplift,2030,S14000097,Mid Dunbartonshire,24.65788554216124,0.04653538951539944
income_tax_threshold_uplift,2030,S14000098,"Moray West, Nairn and Strathspey",23.973238199279876,0.0460565217001462
income_tax_threshold_uplift,2030,S14000099,"Motherwell, Wishaw and Carluke",24.724535552813904,0.046603695842711824
income_tax_threshold_uplift,2030,S14000100,North East Fife,24.991981302198838,0.04685932436623657
income_tax_threshold_uplift,2030,S14000101,Paisley and Renfrewshire North,24.781258797906048,0.04642042194558733
income_tax_threshold_uplift,2030,S14000102,Paisley and Renfrewshire South,24.78650071372249,0.046482787144973836
income_tax_threshold_uplift,2030,S14000103,Perth and Kinross-shire,24.801689107800485,0.04670795028700401
income_tax_threshold_uplift,2030,S14000104,Rutherglen,24.258466491271975,0.04619887163683658
income_tax_threshold_uplift,2030,S14000105,Stirling and Strathallan,24.675452845243854,0.04653494004802204
income_tax_threshold_uplift,2030,S14000106,West Dunbartonshire,24.373672667352366,0.04627908380533789
income_tax_threshold_uplift,2030,S14000107,"Ayr, Carrick and Cumnock",24.144313443772262,0.04625020921494171
income_tax_threshold_uplift,2030,S14000108,"Berwickshire, Roxburgh and Selkirk",24.794945427202038,0.04652651817005224
income_tax_threshold_uplift,2030,S14000109,Central Ayrshire,24.33001613374654,0.046332860246697534
income_tax_threshold_uplift,2030,S14000110,Kilmarnock and Loudoun,24.887685112094914,0.046617035202839566
income_tax_threshold_uplift,2030,S14000111,West Aberdeenshire and Kincardine,24.223294506467937,0.04619398560450195
