reform_id,year,local_authority_code,local_authority_name,average_gain,relative_change
combined,2026,S12000005,Clackmannanshire,24.156399758350744,0.055589832656731994
combined,2026,S12000006,Dumfries and Galloway,28.304338149668183,0.05813790651438436
combined,2026,S12000008,East Ayrshire,27.820893359952606,0.05777561734372787
combined,2026,S12000010,East Lothian,27.958390745610814,0.057318618058491304
combined,2026,S12000011,East Renfrewshire,27.389788907887123,0.05717368683895288
combined,2026,S12000013,Na h-Eileanan Siar,18.20242137983587,0.04990491126194364
combined,2026,S12000014,Falkirk,28.66267672769027,0.05781740302470589
combined,2026,S12000017,Highland,29.24155912430433,0.05815546971524461
combined,2026,S12000018,Inverclyde,26.20491063260124,0.05662124029007069
combined,2026,S12000019,Midlothian,27.368593243569194,0.05703572772719212
combined,2026,S12000020,Moray,27.22821175963327,0.05704067035939032
combined,2026,S12000021,North Ayrshire,27.792202204014757,0.057718072514105406
combined,2026,S12000023,Orkney Islands,16.326583066816966,0.047439146270324674
combined,2026,S12000026,Scottish Borders,27.885594472616503,0.057718026087387755
combined,2026,S12000027,Shetland Islands,17.142523717004224,0.04833697820510031
combined,2026,S12000028,South Ayrshire,27.601496319795842,0.05711797897932019
combined,2026,S12000029,South Lanarkshire,29.457267521880567,0.0584608864274626
combined,2026,S12000030,Stirling,27.558918112415995,0.05686023547676124
combined,2026,S12000033,Aberdeen City,29.18306469307572,0.058105817292454606
combined,2026,S12000034,Aberdeenshire,29.40930041018146,0.058193231638994286
combined,2026,S12000035,Argyll and Bute,26.812190763252147,0.05711267948705728
combined,2026,S12000036,City of Edinburgh,29.858450434134284,0.0581510375875662
combined,2026,S12000038,Renfrewshire,28.834082024965028,0.057866958786678475
combined,2026,S12000039,West Dunbartonshire,27.087037318990042,0.056752255396490814
combined,2026,S12000040,West Lothian,28.788199378926947,0.05779048529542742
combined,2026,S12000041,Angus,27.726270660255977,0.05768943197409953
combined,2026,S12000042,Dundee City,27.935059323550377,0.05782132051761345
combined,2026,S12000045,East Dunbartonshire,27.775066790643905,0.05734213285266955
combined,2026,S12000047,Fife,29.544350672033033,0.0579272400759372
combined,2026,S12000048,Perth and Kinross,28.787854659785808,0.057671588622568666
combined,2026,S12000049,Glasgow City,29.691638129726925,0.05801627496625272
combined,2026,S12000050,North Lanarkshire,29.856587577705795,0.05805897297540078
combined,2027,S12000005,Clackmannanshire,21.6479272215729,0.04898939524897646
combined,2027,S12000006,Dumfries and Galloway,25.369956253467535,0.051250606586093976
combined,2027,S12000008,East Ayrshire,24.937945845973445,0.05093649601257981
combined,2027,S12000010,East Lothian,25.071601093884965,0.05054842494738539
combined,2027,S12000011,East Renfrewshire,24.51707745037129,0.05032827563183239
combined,2027,S12000013,Na h-Eileanan Siar,16.366116310666257,0.04410903191107939
combined,2027,S12000014,Falkirk,25.67375587330025,0.05093820889372594
combined,2027,S12000017,Highland,26.206045121638454,0.05125973802681654
combined,2027,S12000018,Inverclyde,23.48283543922298,0.049900984197749444
combined,2027,S12000019,Midlothian,24.505504552573257,0.050225271572199914
combined,2027,S12000020,Moray,24.4101591402723,0.050292620337289894
combined,2027,S12000021,North Ayrshire,24.8702651920903,0.05079880240388538
combined,2027,S12000023,Orkney Islands,14.725183254915464,0.042047271483712276
combined,2027,S12000026,Scottish Borders,24.983820407593157,0.05085602550578812
combined,2027,S12000027,Shetland Islands,15.398251257327502,0.042677280907148764
combined,2027,S12000028,South Ayrshire,24.750054319047194,0.05037233217458889
combined,2027,S12000029,South Lanarkshire,26.376999365187658,0.05149104202515109
combined,2027,S12000030,Stirling,24.690044485818362,0.050096335427487475
combined,2027,S12000033,Aberdeen City,26.149169112024538,0.051211318954605574
combined,2027,S12000034,Aberdeenshire,26.332032354170224,0.05124735762625467
combined,2027,S12000035,Argyll and Bute,24.026748273645353,0.050331360758894904
combined,2027,S12000036,City of Edinburgh,26.73714228807512,0.05122123047292113
combined,2027,S12000038,Renfrewshire,25.810176201921422,0.050947062509525715
combined,2027,S12000039,West Dunbartonshire,24.269490758902975,0.05000636920676774
combined,2027,S12000040,West Lothian,25.7614027210293,0.05086380720629401
combined,2027,S12000041,Angus,24.843947228160687,0.05084022912906265
combined,2027,S12000042,Dundee City,25.027730512090784,0.050951445400367
combined,2027,S12000045,East Dunbartonshire,24.89299744494201,0.050542241988670716
combined,2027,S12000047,Fife,26.46797096217051,0.051042615771530776
combined,2027,S12000048,Perth and Kinross,25.820293327386025,0.05087187937869935
combined,2027,S12000049,Glasgow City,26.61676635278127,0.05115617175116243
combined,2027,S12000050,North Lanarkshire,26.72913318616338,0.05112557142429588
combined,2028,S12000005,Clackmannanshire,19.443075792987656,0.04327388219796043
combined,2028,S12000006,Dumfries and Galloway,22.73754490216379,0.04516525850824033
combined,2028,S12000008,East Ayrshire,22.334439803067653,0.044862542905536144
combined,2028,S12000010,East Lothian,22.431618113914737,0.04446517417998249
combined,2028,S12000011,East Renfrewshire,21.94758496410941,0.04429969635580925
combined,2028,S12000013,Na h-Eileanan Siar,14.791419839435548,0.03920545693023513
combined,2028,S12000014,Falkirk,22.932543078983144,0.04474569551175502
combined,2028,S12000017,Highland,23.439056184688525,0.04507979218845669
combined,2028,S12000018,Inverclyde,21.031281691488402,0.04395553210116582
combined,2028,S12000019,Midlothian,21.92054330121755,0.04418112632694354
combined,2028,S12000020,Moray,21.82187868365145,0.044214821464341754
combined,2028,S12000021,North Ayrshire,22.276644981720892,0.044747049811843354
combined,2028,S12000023,Orkney Islands,13.373458907713939,0.037546393974927074
combined,2028,S12000026,Scottish Borders,22.39422680143616,0.044821079766677194
combined,2028,S12000027,Shetland Islands,13.94394498130714,0.03800356940842914
combined,2028,S12000028,South Ayrshire,22.12166888027423,0.04427544162415502
combined,2028,S12000029,South Lanarkshire,23.57990630187851,0.04526396107109257
combined,2028,S12000030,Stirling,22.067647751515324,0.044027495361742726
combined,2028,S12000033,Aberdeen City,23.373618390090996,0.04501531496839213
combined,2028,S12000034,Aberdeenshire,23.525521475661662,0.045019524782672855
combined,2028,S12000035,Argyll and Bute,21.541220973238524,0.04437106442066324
combined,2028,S12000036,City of Edinburgh,23.82709951212746,0.044884323636659264
combined,2028,S12000038,Renfrewshire,23.060307859217573,0.044763431586501354
combined,2028,S12000039,West Dunbartonshire,21.68688424253196,0.04394525956500712
combined,2028,S12000040,West Lothian,23.026947953716444,0.04471015236201145
combined,2028,S12000041,Angus,22.2558652026637,0.044784719037973285
combined,2028,S12000042,Dundee City,22.407229128919425,0.044862600787242114
combined,2028,S12000045,East Dunbartonshire,22.275914194833604,0.04447261228667373
combined,2028,S12000047,Fife,23.627621516592626,0.044802763313912794
combined,2028,S12000048,Perth and Kinross,23.08179677813314,0.04471431910036903
combined,2028,S12000049,Glasgow City,23.739358058977814,0.04486404971966301
combined,2028,S12000050,North Lanarkshire,23.829299653436465,0.04482149152774299
combined,2029,S12000005,Clackmannanshire,17.295994439191418,0.03787522260014499
combined,2029,S12000006,Dumfries and Galloway,20.15111052752036,0.03937554672041726
combined,2029,S12000008,East Ayrshire,19.814123657350137,0.03915644238288038
combined,2029,S12000010,East Lothian,19.869903849699767,0.038739505099346455
combined,2029,S12000011,East Renfrewshire,19.432580337546824,0.03858314925666549
combined,2029,S12000013,Na h-Eileanan Siar,13.23038084449945,0.03450167520234303
combined,2029,S12000014,Falkirk,20.27975315720687,0.0389306888404409
combined,2029,S12000017,Highland,20.727843234119064,0.03921414228591403
combined,2029,S12000018,Inverclyde,18.633045483395108,0.03831690609800551
combined,2029,S12000019,Midlothian,19.415513205829484,0.03849871661471971
combined,2029,S12000020,Moray,19.30219533998752,0.03847746373701126
combined,2029,S12000021,North Ayrshire,19.751394133127178,0.03903384919171464
combined,2029,S12000023,Orkney Islands,12.014078595530009,0.03317473670361489
combined,2029,S12000026,Scottish Borders,19.842302604636643,0.03906470840177859
combined,2029,S12000027,Shetland Islands,12.488052342559968,0.03348183390233701
combined,2029,S12000028,South Ayrshire,19.574815389678406,0.03854269077062549
combined,2029,S12000029,South Lanarkshire,20.860587940565892,0.039391748925574274
combined,2029,S12000030,Stirling,19.503518799014273,0.03827717024344633
combined,2029,S12000033,Aberdeen City,20.701690517824318,0.039223538374897886
combined,2029,S12000034,Aberdeenshire,20.779154998184822,0.03911531671631668
combined,2029,S12000035,Argyll and Bute,19.121884875872638,0.03874490135736175
combined,2029,S12000036,City of Edinburgh,20.9618967637507,0.038844051191724384
combined,2029,S12000038,Renfrewshire,20.384879362638458,0.03892894666661716
combined,2029,S12000039,West Dunbartonshire,19.191462617338402,0.03826180460172744
combined,2029,S12000040,West Lothian,20.34678346666624,0.0388664509451286
combined,2029,S12000041,Angus,19.724040058958053,0.03904484695469545
combined,2029,S12000042,Dundee City,19.873660930439655,0.03914863855656002
combined,2029,S12000045,East Dunbartonshire,19.728455460477562,0.03874393135649872
combined,2029,S12000047,Fife,20.857011606953165,0.03890428100353792
combined,2029,S12000048,Perth and Kinross,20.423046339972643,0.038916340883186344
combined,2029,S12000049,Glasgow City,20.919483712379588,0.038890589146006516
combined,2029,S12000050,North Lanarkshire,21.024122947783326,0.0389041401606906
combined,2030,S12000005,Clackmannanshire,14.715675283463497,0.03170098864877954
combined,2030,S12000006,Dumfries and Galloway,17.109509063258884,0.03286756603118689
combined,2030,S12000008,East Ayrshire,16.790393339004368,0.03262649985668782
combined,2030,S12000010,East Lothian,16.784930148081912,0.032171717767713055
combined,2030,S12000011,East Renfrewshire,16.45098982755735,0.03211460887511261
combined,2030,S12000013,Na h-Eileanan Siar,11.373691022454295,0.029198685506376842
combined,2030,S12000014,Falkirk,17.103241242286458,0.03228219054703639
combined,2030,S12000017,Highland,17.536633322502894,0.03261367017599866
combined,2030,S12000018,Inverclyde,15.779513599758502,0.03191604914977329
combined,2030,S12000019,Midlothian,16.412907201876806,0.032001538968771684
combined,2030,S12000020,Moray,16.302994392353867,0.03195796122464504
combined,2030,S12000021,North Ayrshire,16.740507672053354,0.032530569231731914
combined,2030,S12000023,Orkney Islands,10.393571839216747,0.028256952898899897
combined,2030,S12000026,Scottish Borders,16.84626852816291,0.032606435217029016
combined,2030,S12000027,Shetland Islands,10.77296139698592,0.028435987675718182
combined,2030,S12000028,South Ayrshire,16.494180108500586,0.031935582297838286
combined,2030,S12000029,South Lanarkshire,17.61493428931135,0.032699669537654005
combined,2030,S12000030,Stirling,16.460624968814955,0.031763457085270334
combined,2030,S12000033,Aberdeen City,17.463895238237455,0.032529949944996216
combined,2030,S12000034,Aberdeenshire,17.552157930171234,0.03247858426674661
combined,2030,S12000035,Argyll and Bute,16.21217508977861,0.032299999470498574
combined,2030,S12000036,City of Edinburgh,17.621109862506273,0.03209856454754286
combined,2030,S12000038,Renfrewshire,17.197267684183316,0.0322894210892003
combined,2030,S12000039,West Dunbartonshire,16.17485390631191,0.03171243465653833
combined,2030,S12000040,West Lothian,17.191035911739164,0.032284316857978015
combined,2030,S12000041,Angus,16.723913603702385,0.0325495538240666
combined,2030,S12000042,Dundee City,16.819713833268906,0.03257936088101947
combined,2030,S12000045,East Dunbartonshire,16.691968163366255,0.032229399635760596
combined,2030,S12000047,Fife,17.57089685391111,0.03221679795553114
combined,2030,S12000048,Perth and Kinross,17.234261377714574,0.03228367363301827
combined,2030,S12000049,Glasgow City,17.599147198117862,0.03216255302529329
combined,2030,S12000050,North Lanarkshire,17.662659742709366,0.0321319221154076
scp_inflation,2026,S12000005,Clackmannanshire,4.818302595624118,0.011088102434951973
scp_inflation,2026,S12000006,Dumfries and Galloway,5.487516234432405,0.011271512661649634
scp_inflation,2026,S12000008,East Ayrshire,5.32331028929184,0.011054912374552826
scp_inflation,2026,S12000010,East Lothian,5.11600183986593,0.010488520534460666
scp_inflation,2026,S12000011,East Renfrewshire,5.108329811118892,0.010663172683557891
scp_inflation,2026,S12000013,Na h-Eileanan Siar,3.8391144507331774,0.010525559319296027
scp_inflation,2026,S12000014,Falkirk,5.087187467877811,0.010261706221190959
scp_inflation,2026,S12000017,Highland,5.392038543905073,0.010723659874307857
scp_inflation,2026,S12000018,Inverclyde,4.9417976233089576,0.010677796792261038
scp_inflation,2026,S12000019,Midlothian,5.025765851372853,0.010473618799785252
scp_inflation,2026,S12000020,Moray,4.872151646683051,0.010206722294977178
scp_inflation,2026,S12000021,North Ayrshire,5.335000906379719,0.011079581492565596
scp_inflation,2026,S12000023,Orkney Islands,3.5860499892078224,0.010419764458644471
scp_inflation,2026,S12000026,Scottish Borders,5.3508619362764875,0.011075295136035088
scp_inflation,2026,S12000027,Shetland Islands,3.749535545328399,0.010572610015059141
scp_inflation,2026,S12000028,South Ayrshire,4.8832411134571885,0.010105280526742939
scp_inflation,2026,S12000029,South Lanarkshire,5.414946210155904,0.01074650101770654
scp_inflation,2026,S12000030,Stirling,4.867081558229984,0.01004188199103792
scp_inflation,2026,S12000033,Aberdeen City,5.3009231735923095,0.010554562265668284
scp_inflation,2026,S12000034,Aberdeenshire,5.294150609101052,0.010475724632350726
scp_inflation,2026,S12000035,Argyll and Bute,5.150230224870029,0.010970511537636068
scp_inflation,2026,S12000036,City of Edinburgh,4.94775095199293,0.009636027570082419
scp_inflation,2026,S12000038,Renfrewshire,5.166309213149361,0.010368237215171546
scp_inflation,2026,S12000039,West Dunbartonshire,4.754885618625849,0.009962347665839779
scp_inflation,2026,S12000040,West Lothian,5.2287917642097455,0.010496468000135081
scp_inflation,2026,S12000041,Angus,5.286197503657604,0.010998873055295155
scp_inflation,2026,S12000042,Dundee City,5.2892066290805815,0.010947852597761555
scp_inflation,2026,S12000045,East Dunbartonshire,5.149054358298599,0.010630316798324808
scp_inflation,2026,S12000047,Fife,5.092367158344132,0.009984540808184216
scp_inflation,2026,S12000048,Perth and Kinross,5.143791815949953,0.010304715272305337
scp_inflation,2026,S12000049,Glasgow City,4.968861880035547,0.009708957648007176
scp_inflation,2026,S12000050,North Lanarkshire,4.977423936994455,0.00967907404330632
scp_inflation,2027,S12000005,Clackmannanshire,4.32663998955104,0.009791213467168276
scp_inflation,2027,S12000006,Dumfries and Galloway,4.9829571704540285,0.010066220651972565
scp_inflation,2027,S12000008,East Ayrshire,4.839823148176947,0.009885482710217327
scp_inflation,2027,S12000010,East Lothian,4.673975562800479,0.009423494816202959
scp_inflation,2027,S12000011,East Renfrewshire,4.609725844631612,0.00946277358569456
scp_inflation,2027,S12000013,Na h-Eileanan Siar,3.4167056969745317,0.009208512133107354
scp_inflation,2027,S12000014,Falkirk,4.633490236963553,0.00919311123632452
scp_inflation,2027,S12000017,Highland,4.921239055758633,0.009626077631883192
scp_inflation,2027,S12000018,Inverclyde,4.467327561993443,0.009493063248438011
scp_inflation,2027,S12000019,Midlothian,4.551350681103941,0.009328223521713147
scp_inflation,2027,S12000020,Moray,4.4409417444621795,0.009149739492102581
scp_inflation,2027,S12000021,North Ayrshire,4.803025983921543,0.009810428880169529
scp_inflation,2027,S12000023,Orkney Islands,3.2051414711168036,0.009152174967653868
scp_inflation,2027,S12000026,Scottish Borders,4.849089507719327,0.00987060488192889
scp_inflation,2027,S12000027,Shetland Islands,3.308912228210829,0.009170871048961063
scp_inflation,2027,S12000028,South Ayrshire,4.454470100426988,0.009065921418515926
scp_inflation,2027,S12000029,South Lanarkshire,4.920149791330914,0.009604717965373316
scp_inflation,2027,S12000030,Stirling,4.425924712246342,0.008980243396841722
scp_inflation,2027,S12000033,Aberdeen City,4.833769472323183,0.009466599460185009
scp_inflation,2027,S12000034,Aberdeenshire,4.817030987331236,0.009374897705737443
scp_inflation,2027,S12000035,Argyll and Bute,4.656385037589644,0.009754220275255214
scp_inflation,2027,S12000036,City of Edinburgh,4.525543280076818,0.008669733394334356
scp_inflation,2027,S12000038,Renfrewshire,4.684259559769998,0.009246324501445264
scp_inflation,2027,S12000039,West Dunbartonshire,4.314389959748951,0.00888963758541302
scp_inflation,2027,S12000040,West Lothian,4.73044520613621,0.009339881666010321
scp_inflation,2027,S12000041,Angus,4.792521867551841,0.009807334865701114
scp_inflation,2027,S12000042,Dundee City,4.799422370262619,0.009770662455135548
scp_inflation,2027,S12000045,East Dunbartonshire,4.691313933042693,0.009525149575622699
scp_inflation,2027,S12000047,Fife,4.648451343062334,0.008964386283168627
scp_inflation,2027,S12000048,Perth and Kinross,4.712097569987236,0.009283909216740138
scp_inflation,2027,S12000049,Glasgow City,4.559094763964822,0.008762365483620789
scp_inflation,2027,S12000050,North Lanarkshire,4.528993904474191,0.008662735141117815
scp_inflation,2028,S12000005,Clackmannanshire,4.32664312212728,0.0096296824007176
scp_inflation,2028,S12000006,Dumfries and Galloway,4.982964201444702,0.009898028448715238
scp_inflation,2028,S12000008,East Ayrshire,4.839828997763107,0.009721624450046998
scp_inflation,2028,S12000010,East Lothian,4.673977256454236,0.009265012080987333
scp_inflation,2028,S12000011,East Renfrewshire,4.609729247320502,0.009304422617464864
scp_inflation,2028,S12000013,Na h-Eileanan Siar,3.4167057713711984,0.009056163128143016
scp_inflation,2028,S12000014,Falkirk,4.6334960233580205,0.009040820353069143
scp_inflation,2028,S12000017,Highland,4.921241678013757,0.009464909781604339
scp_inflation,2028,S12000018,Inverclyde,4.467335019740858,0.009336762768307758
scp_inflation,2028,S12000019,Midlothian,4.551355749281356,0.009173313843306585
scp_inflation,2028,S12000020,Moray,4.4409487641605665,0.008998114213088111
scp_inflation,2028,S12000021,North Ayrshire,4.8030300240207,0.009647836283649862
scp_inflation,2028,S12000023,Orkney Islands,3.2051408635816188,0.008998530779479893
scp_inflation,2028,S12000026,Scottish Borders,4.849092727898096,0.009705250102191363
scp_inflation,2028,S12000027,Shetland Islands,3.3089084590028506,0.009018275133502784
scp_inflation,2028,S12000028,South Ayrshire,4.4544758125339285,0.008915416141135713
scp_inflation,2028,S12000029,South Lanarkshire,4.920153240200307,0.009444720512332768
scp_inflation,2028,S12000030,Stirling,4.425930762838107,0.008830240917674087
scp_inflation,2028,S12000033,Aberdeen City,4.833773962753185,0.009309378367860846
scp_inflation,2028,S12000034,Aberdeenshire,4.81703518305585,0.00921810107490893
scp_inflation,2028,S12000035,Argyll and Bute,4.656388179442729,0.009591327257370705
scp_inflation,2028,S12000036,City of Edinburgh,4.525550730184477,0.00852501092314375
scp_inflation,2028,S12000038,Renfrewshire,4.684264619274472,0.009092842996636218
scp_inflation,2028,S12000039,West Dunbartonshire,4.314396351095638,0.008742485337906787
scp_inflation,2028,S12000040,West Lothian,4.730451600698871,0.009184856466148935
scp_inflation,2028,S12000041,Angus,4.792522409450612,0.009643829509029743
scp_inflation,2028,S12000042,Dundee City,4.799426439283707,0.009609164574276984
scp_inflation,2028,S12000045,East Dunbartonshire,4.691317818949756,0.009365952690018196
scp_inflation,2028,S12000047,Fife,4.648455139838916,0.00881441389516461
scp_inflation,2028,S12000048,Perth and Kinross,4.712103260375443,0.009128340000719744
scp_inflation,2028,S12000049,Glasgow City,4.559100641738041,0.008616059345822524
scp_inflation,2028,S12000050,North Lanarkshire,4.52900106155721,0.008518780898390818
scp_inflation,2029,S12000005,Clackmannanshire,4.536261953966459,0.00993362549248602
scp_inflation,2029,S12000006,Dumfries and Galloway,5.209289408645418,0.010179023047397913
scp_inflation,2029,S12000008,East Ayrshire,5.09734117253538,0.010073306767429268
scp_inflation,2029,S12000010,East Lothian,4.936366815112706,0.009624224095537976
scp_inflation,2029,S12000011,East Renfrewshire,4.837398082301661,0.009604594396696272
scp_inflation,2029,S12000013,Na h-Eileanan Siar,3.543655407956976,0.009241007447279084
scp_inflation,2029,S12000014,Falkirk,4.900206929218257,0.009406841875063677
scp_inflation,2029,S12000017,Highland,5.164642140640353,0.009770771105868306
scp_inflation,2029,S12000018,Inverclyde,4.685989045196038,0.009636245582133522
scp_inflation,2029,S12000019,Midlothian,4.801512031328457,0.009520842897976028
scp_inflation,2029,S12000020,Moray,4.682015034544747,0.009333242179692577
scp_inflation,2029,S12000021,North Ayrshire,5.048355913488194,0.009976853383867926
scp_inflation,2029,S12000023,Orkney Islands,3.302798098491621,0.009120088272389542
scp_inflation,2029,S12000026,Scottish Borders,5.068966842838563,0.00997957321583741
scp_inflation,2029,S12000027,Shetland Islands,3.4129302465662477,0.009150439195898533
scp_inflation,2029,S12000028,South Ayrshire,4.718355747703754,0.009290413365810903
scp_inflation,2029,S12000029,South Lanarkshire,5.185454788232164,0.00979186845859423
scp_inflation,2029,S12000030,Stirling,4.660015682085941,0.009145642662663947
scp_inflation,2029,S12000033,Aberdeen City,5.12441939823475,0.009709248659797668
scp_inflation,2029,S12000034,Aberdeenshire,5.064358130934124,0.009533302594530264
scp_inflation,2029,S12000035,Argyll and Bute,4.896651442970324,0.009921630549018262
scp_inflation,2029,S12000036,City of Edinburgh,4.76342607915285,0.008827004948644773
scp_inflation,2029,S12000038,Renfrewshire,4.942263803110109,0.00943822725565169
scp_inflation,2029,S12000039,West Dunbartonshire,4.575975100720825,0.009123070432785606
scp_inflation,2029,S12000040,West Lothian,4.966695852621342,0.009487388561023975
scp_inflation,2029,S12000041,Angus,5.022881148070155,0.009943075815694948
scp_inflation,2029,S12000042,Dundee City,5.063204656231392,0.009973883006179948
scp_inflation,2029,S12000045,East Dunbartonshire,4.933921335388732,0.009689532458312283
scp_inflation,2029,S12000047,Fife,4.909310033064685,0.009157264744301362
scp_inflation,2029,S12000048,Perth and Kinross,4.980154159995436,0.009489738881993868
scp_inflation,2029,S12000049,Glasgow City,4.809270122874295,0.008940724876980879
scp_inflation,2029,S12000050,North Lanarkshire,4.813693160394905,0.008907510380703237
scp_inflation,2030,S12000005,Clackmannanshire,4.397328934013785,0.009472869707771343
scp_inflation,2030,S12000006,Dumfries and Galloway,5.069054771382071,0.00973771320954367
scp_inflation,2030,S12000008,East Ayrshire,4.934583627677057,0.009588708779514893
scp_inflation,2030,S12000010,East Lothian,4.7606272947232355,0.0091247062914116
scp_inflation,2030,S12000011,East Renfrewshire,4.69190634314873,0.009159250517344354
scp_inflation,2030,S12000013,Na h-Eileanan Siar,3.460695036992547,0.008884340696360835
scp_inflation,2030,S12000014,Falkirk,4.73064221162349,0.008929038135058619
scp_inflation,2030,S12000017,Highland,5.013836297097441,0.009324458138732884
scp_inflation,2030,S12000018,Inverclyde,4.538764421457017,0.009180221395207107
scp_inflation,2030,S12000019,Midlothian,4.641280495750834,0.009049470445600654
scp_inflation,2030,S12000020,Moray,4.529675271551241,0.008879300526310696
scp_inflation,2030,S12000021,North Ayrshire,4.892609200505831,0.009507439406187455
scp_inflation,2030,S12000023,Orkney Islands,3.237162759709463,0.008800858553942165
scp_inflation,2030,S12000026,Scottish Borders,4.939509361232922,0.009560561837281439
scp_inflation,2030,S12000027,Shetland Islands,3.347498251554498,0.008835956569223773
scp_inflation,2030,S12000028,South Ayrshire,4.534160935028922,0.00877891891198845
scp_inflation,2030,S12000029,South Lanarkshire,5.007869567954913,0.009296411628351398
scp_inflation,2030,S12000030,Stirling,4.503980949200923,0.008691164877630893
scp_inflation,2030,S12000033,Aberdeen City,4.934399253383162,0.009191292007394167
scp_inflation,2030,S12000034,Aberdeenshire,4.914070892999007,0.009093016723413106
scp_inflation,2030,S12000035,Argyll and Bute,4.734586802769627,0.009432858353405361
scp_inflation,2030,S12000036,City of Edinburgh,4.61827851311682,0.008412643250538485
scp_inflation,2030,S12000038,Renfrewshire,4.779125344204658,0.008973238860439464
scp_inflation,2030,S12000039,West Dunbartonshire,4.4038784667427535,0.008634248502078723
scp_inflation,2030,S12000040,West Lothian,4.816772785554349,0.009045773602016163
scp_inflation,2030,S12000041,Angus,4.874312238382117,0.009486815844552163
scp_inflation,2030,S12000042,Dundee City,4.887502153389505,0.009466968227906516
scp_inflation,2030,S12000045,East Dunbartonshire,4.776698954032327,0.009223007018854777
scp_inflation,2030,S12000047,Fife,4.742093171567831,0.008694778579882132
scp_inflation,2030,S12000048,Perth and Kinross,4.805051199051377,0.009000948825152885
scp_inflation,2030,S12000049,Glasgow City,4.6479839692183305,0.008494220156683788
scp_inflation,2030,S12000050,North Lanarkshire,4.630174839796382,0.008423217086230051
scp_baby_boost,2026,S12000005,Clackmannanshire,0.0,0.0
scp_baby_boost,2026,S12000006,Dumfries and Galloway,0.0,0.0
scp_baby_boost,2026,S12000008,East Ayrshire,0.0,0.0
scp_baby_boost,2026,S12000010,East Lothian,0.0,0.0
scp_baby_boost,2026,S12000011,East Renfrewshire,0.0,0.0
scp_baby_boost,2026,S12000013,Na h-Eileanan Siar,0.0,0.0
scp_baby_boost,2026,S12000014,Falkirk,0.0,0.0
scp_baby_boost,2026,S12000017,Highland,0.0,0.0
scp_baby_boost,2026,S12000018,Inverclyde,0.0,0.0
scp_baby_boost,2026,S12000019,Midlothian,0.0,0.0
scp_baby_boost,2026,S12000020,Moray,0.0,0.0
scp_baby_boost,2026,S12000021,North Ayrshire,0.0,0.0
scp_baby_boost,2026,S12000023,Orkney Islands,0.0,0.0
scp_baby_boost,2026,S12000026,Scottish Borders,0.0,0.0
scp_baby_boost,2026,S12000027,Shetland Islands,0.0,0.0
scp_baby_boost,2026,S12000028,South Ayrshire,0.0,0.0
scp_baby_boost,2026,S12000029,South Lanarkshire,0.0,0.0
scp_baby_boost,2026,S12000030,Stirling,0.0,0.0
scp_baby_boost,2026,S12000033,Aberdeen City,0.0,0.0
scp_baby_boost,2026,S12000034,Aberdeenshire,0.0,0.0
scp_baby_boost,2026,S12000035,Argyll and Bute,0.0,0.0
scp_baby_boost,2026,S12000036,City of Edinburgh,0.0,0.0
scp_baby_boost,2026,S12000038,Renfrewshire,0.0,0.0
scp_baby_boost,2026,S12000039,West Dunbartonshire,0.0,0.0
scp_baby_boost,2026,S12000040,West Lothian,0.0,0.0
scp_baby_boost,2026,S12000041,Angus,0.0,0.0
scp_baby_boost,2026,S12000042,Dundee City,0.0,0.0
scp_baby_boost,2026,S12000045,East Dunbartonshire,0.0,0.0
scp_baby_boost,2026,S12000047,Fife,0.0,0.0
scp_baby_boost,2026,S12000048,Perth and Kinross,0.0,0.0
scp_baby_boost,2026,S12000049,Glasgow City,0.0,0.0
scp_baby_boost,2026,S12000050,North Lanarkshire,0.0,0.0
scp_baby_boost,2027,S12000005,Clackmannanshire,0.0,0.0
scp_baby_boost,2027,S12000006,Dumfries and Galloway,0.0,0.0
scp_baby_boost,2027,S12000008,East Ayrshire,0.0,0.0
scp_baby_boost,2027,S12000010,East Lothian,0.0,0.0
scp_baby_boost,2027,S12000011,East Renfrewshire,0.0,0.0
scp_baby_boost,2027,S12000013,Na h-Eileanan Siar,0.0,0.0
scp_baby_boost,2027,S12000014,Falkirk,0.0,0.0
scp_baby_boost,2027,S12000017,Highland,0.0,0.0
scp_baby_boost,2027,S12000018,Inverclyde,0.0,0.0
scp_baby_boost,2027,S12000019,Midlothian,0.0,0.0
scp_baby_boost,2027,S12000020,Moray,0.0,0.0
scp_baby_boost,2027,S12000021,North Ayrshire,0.0,0.0
scp_baby_boost,2027,S12000023,Orkney Islands,0.0,0.0
scp_baby_boost,2027,S12000026,Scottish Borders,0.0,0.0
scp_baby_boost,2027,S12000027,Shetland Islands,0.0,0.0
scp_baby_boost,2027,S12000028,South Ayrshire,0.0,0.0
scp_baby_boost,2027,S12000029,South Lanarkshire,0.0,0.0
scp_baby_boost,2027,S12000030,Stirling,0.0,0.0
scp_baby_boost,2027,S12000033,Aberdeen City,0.0,0.0
scp_baby_boost,2027,S12000034,Aberdeenshire,0.0,0.0
scp_baby_boost,2027,S12000035,Argyll and Bute,0.0,0.0
scp_baby_boost,2027,S12000036,City of Edinburgh,0.0,0.0
scp_baby_boost,2027,S12000038,Renfrewshire,0.0,0.0
scp_baby_boost,2027,S12000039,West Dunbartonshire,0.0,0.0
scp_baby_boost,2027,S12000040,West Lothian,0.0,0.0
scp_baby_boost,2027,S12000041,Angus,0.0,0.0
scp_baby_boost,2027,S12000042,Dundee City,0.0,0.0
scp_baby_boost,2027,S12000045,East Dunbartonshire,0.0,0.0
scp_baby_boost,2027,S12000047,Fife,0.0,0.0
scp_baby_boost,2027,S12000048,Perth and Kinross,0.0,0.0
scp_baby_boost,2027,S12000049,Glasgow City,0.0,0.0
scp_baby_boost,2027,S12000050,North Lanarkshire,0.0,0.0
scp_baby_boost,2028,S12000005,Clackmannanshire,0.0,0.0
scp_baby_boost,2028,S12000006,Dumfries and Galloway,0.0,0.0
scp_baby_boost,2028,S12000008,East Ayrshire,0.0,0.0
scp_baby_boost,2028,S12000010,East Lothian,0.0,0.0
scp_baby_boost,2028,S12000011,East Renfrewshire,0.0,0.0
scp_baby_boost,2028,S12000013,Na h-Eileanan Siar,0.0,0.0
scp_baby_boost,2028,S12000014,Falkirk,0.0,0.0
scp_baby_boost,2028,S12000017,Highland,0.0,0.0
scp_baby_boost,2028,S12000018,Inverclyde,0.0,0.0
scp_baby_boost,2028,S12000019,Midlothian,0.0,0.0
scp_baby_boost,2028,S12000020,Moray,0.0,0.0
scp_baby_boost,2028,S12000021,North Ayrshire,0.0,0.0
scp_baby_boost,2028,S12000023,Orkney Islands,0.0,0.0
scp_baby_boost,2028,S12000026,Scottish Borders,0.0,0.0
scp_baby_boost,2028,S12000027,Shetland Islands,0.0,0.0
scp_baby_boost,2028,S12000028,South Ayrshire,0.0,0.0
scp_baby_boost,2028,S12000029,South Lanarkshire,0.0,0.0
scp_baby_boost,2028,S12000030,Stirling,0.0,0.0
scp_baby_boost,2028,S12000033,Aberdeen City,0.0,0.0
scp_baby_boost,2028,S12000034,Aberdeenshire,0.0,0.0
scp_baby_boost,2028,S12000035,Argyll and Bute,0.0,0.0
scp_baby_boost,2028,S12000036,City of Edinburgh,0.0,0.0
scp_baby_boost,2028,S12000038,Renfrewshire,0.0,0.0
scp_baby_boost,2028,S12000039,West Dunbartonshire,0.0,0.0
scp_baby_boost,2028,S12000040,West Lothian,0.0,0.0
scp_baby_boost,2028,S12000041,Angus,0.0,0.0
scp_baby_boost,2028,S12000042,Dundee City,0.0,0.0
scp_baby_boost,2028,S12000045,East Dunbartonshire,0.0,0.0
scp_baby_boost,2028,S12000047,Fife,0.0,0.0
scp_baby_boost,2028,S12000048,Perth and Kinross,0.0,0.0
scp_baby_boost,2028,S12000049,Glasgow City,0.0,0.0
scp_baby_boost,2028,S12000050,North Lanarkshire,0.0,0.0
scp_baby_boost,2029,S12000005,Clackmannanshire,0.0,0.0
scp_baby_boost,2029,S12000006,Dumfries and Galloway,0.0,0.0
scp_baby_boost,2029,S12000008,East Ayrshire,0.0,0.0
scp_baby_boost,2029,S12000010,East Lothian,0.0,0.0
scp_baby_boost,2029,S12000011,East Renfrewshire,0.0,0.0
scp_baby_boost,2029,S12000013,Na h-Eileanan Siar,0.0,0.0
scp_baby_boost,2029,S12000014,Falkirk,0.0,0.0
scp_baby_boost,2029,S12000017,Highland,0.0,0.0
scp_baby_boost,2029,S12000018,Inverclyde,0.0,0.0
scp_baby_boost,2029,S12000019,Midlothian,0.0,0.0
scp_baby_boost,2029,S12000020,Moray,0.0,0.0
scp_baby_boost,2029,S12000021,North Ayrshire,0.0,0.0
scp_baby_boost,2029,S12000023,Orkney Islands,0.0,0.0
scp_baby_boost,2029,S12000026,Scottish Borders,0.0,0.0
scp_baby_boost,2029,S12000027,Shetland Islands,0.0,0.0
scp_baby_boost,2029,S12000028,South Ayrshire,0.0,0.0
scp_baby_boost,2029,S12000029,South Lanarkshire,0.0,0.0
scp_baby_boost,2029,S12000030,Stirling,0.0,0.0
scp_baby_boost,2029,S12000033,Aberdeen City,0.0,0.0
scp_baby_boost,2029,S12000034,Aberdeenshire,0.0,0.0
scp_baby_boost,2029,S12000035,Argyll and Bute,0.0,0.0
scp_baby_boost,2029,S12000036,City of Edinburgh,0.0,0.0
scp_baby_boost,2029,S12000038,Renfrewshire,0.0,0.0
scp_baby_boost,2029,S12000039,West Dunbartonshire,0.0,0.0
scp_baby_boost,2029,S12000040,West Lothian,0.0,0.0
scp_baby_boost,2029,S12000041,Angus,0.0,0.0
scp_baby_boost,2029,S12000042,Dundee City,0.0,0.0
scp_baby_boost,2029,S12000045,East Dunbartonshire,0.0,0.0
scp_baby_boost,2029,S12000047,Fife,0.0,0.0
scp_baby_boost,2029,S12000048,Perth and Kinross,0.0,0.0
scp_baby_boost,2029,S12000049,Glasgow City,0.0,0.0
scp_baby_boost,2029,S12000050,North Lanarkshire,0.0,0.0
scp_baby_boost,2030,S12000005,Clackmannanshire,0.0,0.0
scp_baby_boost,2030,S12000006,Dumfries and Galloway,0.0,0.0
scp_baby_boost,2030,S12000008,East Ayrshire,0.0,0.0
scp_baby_boost,2030,S12000010,East Lothian,0.0,0.0
scp_baby_boost,2030,S12000011,East Renfrewshire,0.0,0.0
scp_baby_boost,2030,S12000013,Na h-Eileanan Siar,0.0,0.0
scp_baby_boost,2030,S12000014,Falkirk,0.0,0.0
scp_baby_boost,2030,S12000017,Highland,0.0,0.0
scp_baby_boost,2030,S12000018,Inverclyde,0.0,0.0
scp_baby_boost,2030,S12000019,Midlothian,0.0,0.0
scp_baby_boost,2030,S12000020,Moray,0.0,0.0
scp_baby_boost,2030,S12000021,North Ayrshire,0.0,0.0
scp_baby_boost,2030,S12000023,Orkney Islands,0.0,0.0
scp_baby_boost,2030,S12000026,Scottish Borders,0.0,0.0
scp_baby_boost,2030,S12000027,Shetland Islands,0.0,0.0
scp_baby_boost,2030,S12000028,South Ayrshire,0.0,0.0
scp_baby_boost,2030,S12000029,South Lanarkshire,0.0,0.0
scp_baby_boost,2030,S12000030,Stirling,0.0,0.0
scp_baby_boost,2030,S12000033,Aberdeen City,0.0,0.0
scp_baby_boost,2030,S12000034,Aberdeenshire,0.0,0.0
scp_baby_boost,2030,S12000035,Argyll and Bute,0.0,0.0
scp_baby_boost,2030,S12000036,City of Edinburgh,0.0,0.0
scp_baby_boost,2030,S12000038,Renfrewshire,0.0,0.0
scp_baby_boost,2030,S12000039,West Dunbartonshire,0.0,0.0
scp_baby_boost,2030,S12000040,West Lothian,0.0,0.0
scp_baby_boost,2030,S12000041,Angus,0.0,0.0
scp_baby_boost,2030,S12000042,Dundee City,0.0,0.0
scp_baby_boost,2030,S12000045,East Dunbartonshire,0.0,0.0
scp_baby_boost,2030,S12000047,Fife,0.0,0.0
scp_baby_boost,2030,S12000048,Perth and Kinross,0.0,0.0
scp_baby_boost,2030,S12000049,Glasgow City,0.0,0.0
scp_baby_boost,2030,S12000050,North Lanarkshire,0.0,0.0
income_tax_threshold_uplift,2026,S12000005,Clackmannanshire,19.338088765798602,0.04450171089837801
income_tax_threshold_uplift,2026,S12000006,Dumfries and Galloway,22.816807716917538,0.04686636468898978
income_tax_threshold_uplift,2026,S12000008,East Ayrshire,22.497568692582718,0.046720675110236844
income_tax_threshold_uplift,2026,S12000010,East Lothian,22.842376616128604,0.04683007232859547
income_tax_threshold_uplift,2026,S12000011,East Renfrewshire,22.281448562032892,0.04651049216509558
income_tax_threshold_uplift,2026,S12000013,Na h-Eileanan Siar,14.363299184151401,0.03937933070859864
income_tax_threshold_uplift,2026,S12000014,Falkirk,23.57547664212325,0.047555671351529806
income_tax_threshold_uplift,2026,S12000017,Highland,23.84950640326133,0.04743178164551421
income_tax_threshold_uplift,2026,S12000018,Inverclyde,21.263103514029353,0.04594342298129
income_tax_threshold_uplift,2026,S12000019,Midlothian,22.342813361639855,0.04656207968794277
income_tax_threshold_uplift,2026,S12000020,Moray,22.35604744014563,0.04683392151602005
income_tax_threshold_uplift,2026,S12000021,North Ayrshire,22.45718742932513,0.04663846222021953
income_tax_threshold_uplift,2026,S12000023,Orkney Islands,12.740525857203465,0.037019360831792386
income_tax_threshold_uplift,2026,S12000026,Scottish Borders,22.534717428272415,0.04664269968044537
income_tax_threshold_uplift,2026,S12000027,Shetland Islands,13.392982043937081,0.03776435091158328
income_tax_threshold_uplift,2026,S12000028,South Ayrshire,22.718241330403544,0.0470126697379974
income_tax_threshold_uplift,2026,S12000029,South Lanarkshire,24.04230937868124,0.047714361727440785
income_tax_threshold_uplift,2026,S12000030,Stirling,22.691822359753132,0.04681832419942142
income_tax_threshold_uplift,2026,S12000033,Aberdeen City,23.88212667551852,0.04755122547126428
income_tax_threshold_uplift,2026,S12000034,Aberdeenshire,24.115132869213994,0.0477174735029556
income_tax_threshold_uplift,2026,S12000035,Argyll and Bute,21.661950356523448,0.04614214626103193
income_tax_threshold_uplift,2026,S12000036,City of Edinburgh,24.910684652517375,0.048514981135944095
income_tax_threshold_uplift,2026,S12000038,Renfrewshire,23.667761845703353,0.04749869956367713
income_tax_threshold_uplift,2026,S12000039,West Dunbartonshire,22.332139352081867,0.046789881858760214
income_tax_threshold_uplift,2026,S12000040,West Lothian,23.559394100200734,0.04729399016575725
income_tax_threshold_uplift,2026,S12000041,Angus,22.440059547923738,0.04669053060353907
income_tax_threshold_uplift,2026,S12000042,Dundee City,22.645838668642682,0.04687343888852479
income_tax_threshold_uplift,2026,S12000045,East Dunbartonshire,22.625999837902782,0.04671179005288804
income_tax_threshold_uplift,2026,S12000047,Fife,24.451967717883235,0.047942668297113716
income_tax_threshold_uplift,2026,S12000048,Perth and Kinross,23.64404874403408,0.047366845103699734
income_tax_threshold_uplift,2026,S12000049,Glasgow City,24.722760979137092,0.048307287480192404
income_tax_threshold_uplift,2026,S12000050,North Lanarkshire,24.8791522342799,0.048379876751204136
income_tax_threshold_uplift,2027,S12000005,Clackmannanshire,17.321269166823186,0.03919814090015014
income_tax_threshold_uplift,2027,S12000006,Dumfries and Galloway,20.386979378519754,0.041184346128484886
income_tax_threshold_uplift,2027,S12000008,East Ayrshire,20.0981033888238,0.04105097386321153
income_tax_threshold_uplift,2027,S12000010,East Lothian,20.39760713729629,0.04112489304631423
income_tax_threshold_uplift,2027,S12000011,East Renfrewshire,19.90733483126678,0.04086546761176052
income_tax_threshold_uplift,2027,S12000013,Na h-Eileanan Siar,12.949397634562047,0.034900484797355115
income_tax_threshold_uplift,2027,S12000014,Falkirk,21.040243839117466,0.04174505441046427
income_tax_threshold_uplift,2027,S12000017,Highland,21.284786237643857,0.041633621610363755
income_tax_threshold_uplift,2027,S12000018,Inverclyde,19.015487749762542,0.04040787817847931
income_tax_threshold_uplift,2027,S12000019,Midlothian,19.954136005566397,0.04089701143341471
income_tax_threshold_uplift,2027,S12000020,Moray,19.96919675519166,0.04114283831900869
income_tax_threshold_uplift,2027,S12000021,North Ayrshire,20.06721919521806,0.04098833264622941
income_tax_threshold_uplift,2027,S12000023,Orkney Islands,11.52003163509653,0.032895067536776706
income_tax_threshold_uplift,2027,S12000026,Scottish Borders,20.134710898346384,0.04098537990958201
income_tax_threshold_uplift,2027,S12000027,Shetland Islands,12.089328235080757,0.03350637994179685
income_tax_threshold_uplift,2027,S12000028,South Ayrshire,20.295565310880193,0.04130637227426002
income_tax_threshold_uplift,2027,S12000029,South Lanarkshire,21.456830703114974,0.04188628722184393
income_tax_threshold_uplift,2027,S12000030,Stirling,20.264100942280493,0.04111605382177588
income_tax_threshold_uplift,2027,S12000033,Aberdeen City,21.315378188868635,0.04174467748446485
income_tax_threshold_uplift,2027,S12000034,Aberdeenshire,21.5149810107323,0.041872420303496215
income_tax_threshold_uplift,2027,S12000035,Argyll and Bute,19.370345333874866,0.040577102982055524
income_tax_threshold_uplift,2027,S12000036,City of Edinburgh,22.21158124995418,0.04255146305891253
income_tax_threshold_uplift,2027,S12000038,Renfrewshire,21.125897534300748,0.041700700290830665
income_tax_threshold_uplift,2027,S12000039,West Dunbartonshire,19.95508250877174,0.04111669393471273
income_tax_threshold_uplift,2027,S12000040,West Lothian,21.030938556687033,0.04152388810883836
income_tax_threshold_uplift,2027,S12000041,Angus,20.051406727136055,0.041032856132141186
income_tax_threshold_uplift,2027,S12000042,Dundee City,20.22828758812102,0.04118074110200133
income_tax_threshold_uplift,2027,S12000045,East Dunbartonshire,20.20166492259159,0.041017054669691
income_tax_threshold_uplift,2027,S12000047,Fife,21.81950011200388,0.042078191869549926
income_tax_threshold_uplift,2027,S12000048,Perth and Kinross,21.108174906396016,0.04158792908071802
income_tax_threshold_uplift,2027,S12000049,Glasgow City,22.057652190575027,0.04239376898503495
income_tax_threshold_uplift,2027,S12000050,North Lanarkshire,22.200119248547708,0.04246279796521995
income_tax_threshold_uplift,2028,S12000005,Clackmannanshire,15.116429451314616,0.03364419263159448
income_tax_threshold_uplift,2028,S12000006,Dumfries and Galloway,17.75457750636997,0.035267223714354395
income_tax_threshold_uplift,2028,S12000008,East Ayrshire,17.494609407796816,0.03514091564835581
income_tax_threshold_uplift,2028,S12000010,East Lothian,17.7576355426354,0.035200151563659604
income_tax_threshold_uplift,2028,S12000011,East Renfrewshire,17.337850240473927,0.03499526268477785
income_tax_threshold_uplift,2028,S12000013,Na h-Eileanan Siar,11.374711484633735,0.03014928695456978
income_tax_threshold_uplift,2028,S12000014,Falkirk,18.299045765714254,0.03570487264182768
income_tax_threshold_uplift,2028,S12000017,Highland,18.517810447825468,0.0356148746005618
income_tax_threshold_uplift,2028,S12000018,Inverclyde,16.563945733360015,0.03461876737162128
income_tax_threshold_uplift,2028,S12000019,Midlothian,17.369183886148676,0.035007805095196846
income_tax_threshold_uplift,2028,S12000020,Moray,17.38092709610646,0.0352167015305987
income_tax_threshold_uplift,2028,S12000021,North Ayrshire,17.473613660338742,0.035099210922186284
income_tax_threshold_uplift,2028,S12000023,Orkney Islands,10.168314714443113,0.028547853847243124
income_tax_threshold_uplift,2028,S12000026,Scottish Borders,17.54513045236672,0.035115822416867455
income_tax_threshold_uplift,2028,S12000027,Shetland Islands,10.635034812105005,0.028985289613858246
income_tax_threshold_uplift,2028,S12000028,South Ayrshire,17.667191879962047,0.03536002310573905
income_tax_threshold_uplift,2028,S12000029,South Lanarkshire,18.659747993573546,0.03581923083003192
income_tax_threshold_uplift,2028,S12000030,Stirling,17.64171256681584,0.035197245621946614
income_tax_threshold_uplift,2028,S12000033,Aberdeen City,18.539839971112087,0.03570592801827409
income_tax_threshold_uplift,2028,S12000034,Aberdeenshire,18.70848268757254,0.035801416809005705
income_tax_threshold_uplift,2028,S12000035,Argyll and Bute,16.884825913395616,0.03477972299089813
income_tax_threshold_uplift,2028,S12000036,City of Edinburgh,19.301544239722716,0.03635930415710333
income_tax_threshold_uplift,2028,S12000038,Renfrewshire,18.376038122572936,0.035670578656300904
income_tax_threshold_uplift,2028,S12000039,West Dunbartonshire,17.37248541828012,0.035202769215615506
income_tax_threshold_uplift,2028,S12000040,West Lothian,18.296495765956934,0.03552529475599932
income_tax_threshold_uplift,2028,S12000041,Angus,17.463336497989076,0.035140876861278814
income_tax_threshold_uplift,2028,S12000042,Dundee City,17.607801016056328,0.03525343286221062
income_tax_threshold_uplift,2028,S12000045,East Dunbartonshire,17.584592567356594,0.03510665199314465
income_tax_threshold_uplift,2028,S12000047,Fife,18.97916279297351,0.03598834262317395
income_tax_threshold_uplift,2028,S12000048,Perth and Kinross,18.36968825967051,0.03558596891362302
income_tax_threshold_uplift,2028,S12000049,Glasgow City,19.18025168847089,0.03624797954727259
income_tax_threshold_uplift,2028,S12000050,North Lanarkshire,19.300293738007895,0.03630270149950962
income_tax_threshold_uplift,2029,S12000005,Clackmannanshire,12.759715375752421,0.027941559640886928
income_tax_threshold_uplift,2029,S12000006,Dumfries and Galloway,14.941795549158996,0.029196473709443217
income_tax_threshold_uplift,2029,S12000008,East Ayrshire,14.716757796741149,0.02908308682716511
income_tax_threshold_uplift,2029,S12000010,East Lothian,14.933510436690995,0.029115229147023556
income_tax_threshold_uplift,2029,S12000011,East Renfrewshire,14.595158978794643,0.028978508644862986
income_tax_threshold_uplift,2029,S12000013,Na h-Eileanan Siar,9.686713205606793,0.025260635859703163
income_tax_threshold_uplift,2029,S12000014,Falkirk,15.379518848261796,0.029523794404992646
income_tax_threshold_uplift,2029,S12000017,Highland,15.563172104230034,0.029443316336494968
income_tax_threshold_uplift,2029,S12000018,Inverclyde,13.947035360411974,0.028680617171610863
income_tax_threshold_uplift,2029,S12000019,Midlothian,14.613976519969583,0.028977824829659972
income_tax_threshold_uplift,2029,S12000020,Moray,14.620155514981889,0.029144172139413473
income_tax_threshold_uplift,2029,S12000021,North Ayrshire,14.703017353771429,0.029056954571510592
income_tax_threshold_uplift,2029,S12000023,Orkney Islands,8.71126652714156,0.024054609855845194
income_tax_threshold_uplift,2029,S12000026,Scottish Borders,14.773308593583351,0.02908508169827862
income_tax_threshold_uplift,2029,S12000027,Shetland Islands,9.075112356185855,0.024331368592948547
income_tax_threshold_uplift,2029,S12000028,South Ayrshire,14.856434296474617,0.029252227499681344
income_tax_threshold_uplift,2029,S12000029,South Lanarkshire,15.675105502275983,0.029599828254447225
income_tax_threshold_uplift,2029,S12000030,Stirling,14.84347884964518,0.029131479954354653
income_tax_threshold_uplift,2029,S12000033,Aberdeen City,15.577244566920854,0.02951423940570064
income_tax_threshold_uplift,2029,S12000034,Aberdeenshire,15.71476972119126,0.029581963021214106
income_tax_threshold_uplift,2029,S12000035,Argyll and Bute,14.225206528302806,0.028823216294049485
income_tax_threshold_uplift,2029,S12000036,City of Edinburgh,16.198440604079224,0.030016990501501518
income_tax_threshold_uplift,2029,S12000038,Renfrewshire,15.4425873999935,0.02949066563478114
income_tax_threshold_uplift,2029,S12000039,West Dunbartonshire,14.615464544120186,0.029138688368930448
income_tax_threshold_uplift,2029,S12000040,West Lothian,15.380060454219347,0.02937901050337226
income_tax_threshold_uplift,2029,S12000041,Angus,14.701131486486702,0.029101716850855462
income_tax_threshold_uplift,2029,S12000042,Dundee City,14.810433456106693,0.029174710601559916
income_tax_threshold_uplift,2029,S12000045,East Dunbartonshire,14.794507330938359,0.029054346278216837
income_tax_threshold_uplift,2029,S12000047,Fife,15.947671797432122,0.029746960717644728
income_tax_threshold_uplift,2029,S12000048,Perth and Kinross,15.442865246848669,0.0294265506798179
income_tax_threshold_uplift,2029,S12000049,Glasgow City,16.110185842451756,0.029949812685570044
income_tax_threshold_uplift,2029,S12000050,North Lanarkshire,16.210402826211066,0.02999657988961024
income_tax_threshold_uplift,2030,S12000005,Clackmannanshire,10.31833247643226,0.022228089055300593
income_tax_threshold_uplift,2030,S12000006,Dumfries and Galloway,12.040437594492687,0.02312982074577399
income_tax_threshold_uplift,2030,S12000008,East Ayrshire,11.855796144569467,0.023037764714727814
income_tax_threshold_uplift,2030,S12000010,East Lothian,12.024286552790727,0.02304698023296193
income_tax_threshold_uplift,2030,S12000011,East Renfrewshire,11.759067376515304,0.022955326912931256
income_tax_threshold_uplift,2030,S12000013,Na h-Eileanan Siar,7.912987409887137,0.02031432279469085
income_tax_threshold_uplift,2030,S12000014,Falkirk,12.372586804674938,0.023353129335552104
income_tax_threshold_uplift,2030,S12000017,Highland,12.52278044087143,0.02328918119425773
income_tax_threshold_uplift,2030,S12000018,Inverclyde,11.240737824620737,0.02273580479032014
income_tax_threshold_uplift,2030,S12000019,Midlothian,11.771615342920995,0.02295204636743455
income_tax_threshold_uplift,2030,S12000020,Moray,11.7733068158268,0.023078636577493046
income_tax_threshold_uplift,2030,S12000021,North Ayrshire,11.84788065628527,0.023023095206485503
income_tax_threshold_uplift,2030,S12000023,Orkney Islands,7.156400142186612,0.019456070047107754
income_tax_threshold_uplift,2030,S12000026,Scottish Borders,11.906742740808113,0.023045841586518245
income_tax_threshold_uplift,2030,S12000027,Shetland Islands,7.425453114199627,0.01960000462835407
income_tax_threshold_uplift,2030,S12000028,South Ayrshire,11.960008803143864,0.023156643307103583
income_tax_threshold_uplift,2030,S12000029,South Lanarkshire,12.607048169447808,0.023403227182991995
income_tax_threshold_uplift,2030,S12000030,Stirling,11.956631409244437,0.023072267873877252
income_tax_threshold_uplift,2030,S12000033,Aberdeen City,12.529480310739018,0.02333862874147035
income_tax_threshold_uplift,2030,S12000034,Aberdeenshire,12.638069228516542,0.02338553459012475
income_tax_threshold_uplift,2030,S12000035,Argyll and Bute,11.477570103983453,0.022867104890509686
income_tax_threshold_uplift,2030,S12000036,City of Edinburgh,13.002815828287567,0.023685893023808496
income_tax_threshold_uplift,2030,S12000038,Renfrewshire,12.418126617281814,0.023316152707979487
income_tax_threshold_uplift,2030,S12000039,West Dunbartonshire,11.770967321950593,0.023078170239048578
income_tax_threshold_uplift,2030,S12000040,West Lothian,12.374247535437462,0.02323851397694515
income_tax_threshold_uplift,2030,S12000041,Angus,11.849583428658661,0.02306270306960362
income_tax_threshold_uplift,2030,S12000042,Dundee City,11.932201466544939,0.023112372870142055
income_tax_threshold_uplift,2030,S12000045,East Dunbartonshire,11.9152518326664,0.023006359065466185
income_tax_threshold_uplift,2030,S12000047,Fife,12.828789423299895,0.02352199323123967
income_tax_threshold_uplift,2030,S12000048,Perth and Kinross,12.429193176343688,0.023282692958671386
income_tax_threshold_uplift,2030,S12000049,Glasgow City,12.951145216204168,0.02366829995029459
income_tax_threshold_uplift,2030,S12000050,North Lanarkshire,13.032467070181156,0.02370867258786018
